Var1_1,Var1_2,Var1_3,Var1_4,Var1_5,Var1_6,Var1_7,Var1_8,Var1_9
0.0421839048142177,2.27298921503599,1.84044164447424,0.000124630183638597,0.343067144936199,0.000115543456825913,3.48601144318628,2.48469971545378,31.41635516
0.0421839048142177,2.27298921503599,1.84044164447424,0.000124630183638597,0.343067144936199,0.000115543456825913,3.48601144318628,2.48469971545378,34.8927704
0.0987044053440369,2.36248127357299,2.4531947312572,0.000149543173610143,0.635874943483273,0.000139115773379463,3.45768747111425,11.0341313866236,38.10284657
0.164954440472119,2.42683643308733,2.89814776075293,0.000156322723185897,0.89418932182292,0.000141705442341957,3.61189871762298,26.6718608748441,41.06102301
0.19521492466227,2.27838230641724,2.49028199086773,0.000158583392351938,1.37033479804972,0.000140178858639096,3.1505134452199,39.841765162996,43.78119133
0.236733522621405,2.32953297847357,2.70338750683311,0.000151849351011294,1.57780951527481,0.000138700566543292,3.23512490437146,56.330070431872,46.27671037
0.26890998951203,2.36769098167432,2.84356611622054,0.000157713755720123,1.7109777373799,0.000144036043235684,3.31891390690299,69.8296462784927,48.56042098
0.307658986393637,2.3736206453746,3.00804145121832,0.000156145576893772,1.83850727222217,0.000144699103227014,3.38167199481714,86.5656236318992,50.64466037
0.25280808175991,2.82402340368084,2.96281315179994,0.000157610356685445,0.230293519150702,0.000150546488435494,3.6943495169009,25.1080605526246,52.54127629
0.289592801460512,2.79616655154565,3.08414567463965,0.000154994249770217,0.373009688627853,0.000146920809074394,3.69564431092339,37.372263291811,54.26164088
0.306569220233479,2.80553768542822,3.15894544369618,0.0001466150509895,0.478874843531982,0.00013874711941818,3.80333218065385,46.0655640004035,55.81666418
0.34210473628239,2.80954649477599,3.2981633290267,0.000148561255473004,0.600217354830607,0.000140530833423047,3.81856344111119,59.4582963283749,57.21680745
0.350526877247847,2.88267813423011,3.11066223784344,0.000178374793222331,1.54237710350495,0.000160680464021572,3.77178188157102,97.784803441472,58.47209617
0.392034861950295,2.81627834717628,3.21120581096419,0.000168044870675528,1.67484905042421,0.000156837369452947,3.73105346987557,118.379860093018,59.59213275
0.421902305115109,2.85533100702725,3.29650014122708,0.000159510043264805,1.77608123024502,0.000152241877109993,3.80327457453023,134.79510982645,60.58610902
0.453217950992827,2.84810323457712,3.40380650906953,0.000152101660916413,1.87496434548139,0.000145946882977619,3.81754841667715,152.022624430299,61.46281844
0.486068950001522,2.9126010278459,3.47689474956793,0.000154633495302991,1.97580538565555,0.000148896031414823,3.84052176994296,170.338310715933,62.23066801
0.532413640061075,2.93710431779303,3.60695724788883,0.000158776625323499,2.093847967618,0.000152337017023824,3.87560987220418,197.936316748404,62.89769001
0.596711996317183,2.96251748495784,3.81328433435475,0.000175625402330299,2.24976929772218,0.000167466363436501,3.90399594817792,235.793849280823,63.47155339
0.638138185097725,2.96085756199473,3.92969361675433,0.000184705436646972,2.37283639516441,0.000174682145462358,3.96851769560586,264.928196475264,63.959575
0.509499478584547,2.67075409706989,3.4952816459941,0.000212387403843575,1.83557225257773,0.000169507806980666,3.90863437263864,177.691806962769,64.36873051
0.536335560772653,2.64006134159981,3.52766332040798,0.000205645988250778,1.93570046656577,0.000167774918821129,3.97379821123137,194.565655360768,64.70566514
0.573111203476589,2.5913053338986,3.60233993114162,0.000203763311201348,2.05113730932991,0.000167921977730711,3.98034792984267,217.917843867058,64.9767041
0.611648969416626,2.57319428897988,3.70045431696095,0.000207879172315534,2.16738647228283,0.000175266535454583,3.95947984729866,244.330378970486,65.1878629
0.640965052602197,2.53749555066407,3.77468950078956,0.000207618251955928,2.27724312284668,0.000174491631585548,3.97469436211928,263.76594512341,65.34485725
0.680726557676175,2.52750457567927,3.856492842774,0.000205658923839945,2.37049168238493,0.000173003577582528,3.96901638903387,292.657071665056,65.45311297
0.693995282934885,2.48885694609381,3.91006123044071,0.00020595485043425,2.42714063397214,0.00017131624991027,3.99921187754154,302.557327267769,65.51777545
0.75072694422874,2.46991172036303,4.0267870185462,0.00020550679860657,2.56535828400511,0.000169377956424004,4.07664262716598,343.320684522014,65.54371906
0.776764518762115,2.44117140470762,4.08492667958655,0.000211858407622739,2.65140605709876,0.000174679025445012,4.10343715172999,363.458452079531,65.54371906
0.822652791743316,2.4296411439185,4.16702952047705,0.000214408143780718,2.75849441982784,0.000176639970699049,4.14661377757148,398.690195183535,65.54371906
0.848321291583495,2.42682878426418,4.21236105279212,0.000220227527454783,2.83989323589577,0.000182421690532581,4.14904769877522,418.945322543524,65.54371906
0.894539237753551,2.38209102500129,4.309374547737,0.000218251400300389,2.95525709610166,0.000178805149633473,4.17904010202135,458.42009317711,65.54371906
0.756111790680514,2.8555949252762,4.13278816851179,0.00019263351355952,2.27176029677288,0.000166843630539282,4.1540831452022,326.264921736589,65.54371906
0.822639957164881,2.79998173133536,4.25804991817795,0.000201360150821581,2.41949342957699,0.000174547275661854,4.19930573107096,374.334967726493,65.54371906
0.880776503147122,2.79598061607141,4.36504389317252,0.000201510465275689,2.53878535042405,0.000174583786990192,4.31019125561499,417.291630847777,65.54371906
0.93199649886273,2.78096554086744,4.51610900350668,0.00020232680169991,2.68567687698846,0.000173975779382726,4.16417317031547,454.821804215245,65.54371906
0.954248928522649,2.77880631818395,4.49481793712318,0.000190638233563015,2.72070248349125,0.000163475585612251,4.27624783889128,474.872549624875,65.54371906
1.00540179496822,2.75408502756311,4.57652729602468,0.000190569779167652,2.82357105478919,0.00016264300733419,4.36244085943774,517.112901893819,65.54371906
1.04022339924311,2.74397023161051,4.65321046873948,0.000197603031675219,2.92843748570915,0.000168389814073388,4.41364075067352,548.863947473442,65.54371906
1.07470805024323,2.75856182470062,4.71863897570453,0.000203833063752045,3.01061669517404,0.000173814832134823,4.41660083088898,581.703822661074,65.54371906
1.09916805611263,2.74890954137789,4.74945577798202,0.000210711465758032,3.07767145643256,0.000180697992333381,4.37427107102293,603.342615933487,65.54371906
1.14674334048342,2.71638595873921,4.83003952939274,0.000211882799091403,3.1967800502686,0.000180666260186999,4.3645971042936,646.579643170856,65.54371906
1.16897092681,2.72569533671674,4.87071418138809,0.000207684411808189,3.25591918494988,0.000176752751376551,4.43643396376661,666.428634382663,65.54371906
1.22294466030155,2.70267729880782,4.96530059853393,0.000206252777780266,3.37001138783654,0.000174071100091901,4.51829551076831,719.503644415799,65.54371906
1.23267919528212,2.68229540970495,4.96655721491178,0.000200008265058617,3.42126083525743,0.000167155379587073,4.45196693649904,730.607867391871,65.54371906
1.27842769864239,2.68375165746027,5.05963973727714,0.000201892760874724,3.508784458851,0.000168226404003561,4.4896075519582,775.976337316856,65.54371906
1.29544606220547,2.62366110272175,5.08739131117041,0.000208364446277655,3.59166033311664,0.000173522337555197,4.53266946043327,793.993535671738,65.54371906
1.36085605667,2.62264696377086,5.19005233921404,0.000216686066847497,3.69049746015376,0.000180562756394444,4.52637353101786,856.716702039785,65.54371906
1.37295493128596,2.578166673547,5.20942443604646,0.000220560256835057,3.74866351294474,0.000183753786884212,4.58456558914025,873.209244717423,65.54371906
1.44511564824137,2.55967041285488,5.29323626496638,0.000218409383255572,3.8834614031003,0.000180346490189573,4.64737280335391,947.2892803973,65.54371906
1.45827754032526,2.55649405456031,5.32565876048947,0.000210909271553441,3.9153134036138,0.000172590786331595,4.60241221373932,959.590241983963,65.54371906
1.50326406589225,2.53431256874532,5.38418089946001,0.000207889401613726,4.02009124898134,0.000168391790949871,4.60858013474254,1010.55878735416,65.54371906
1.54036123349736,2.52948018977865,5.41774975901722,0.000209411932748994,4.10965226299624,0.000169088729538877,4.68249343805684,1048.84760354305,65.54371906
1.58094230872191,2.49398077288987,5.48857299828954,0.000215824388583916,4.18847104784765,0.000174368259915637,4.66151250380292,1093.27673571204,65.54371906
1.5867173355355,2.49071087703656,5.48942135115885,0.000221160165680264,4.24045813862841,0.000179496298851703,4.65013659858196,1101.07757457288,65.54371906
1.62348171341847,2.48702219556896,5.5477371694413,0.000224992497873143,4.33738364960102,0.000182304847627312,4.67749413329025,1143.39640455591,65.54371906
1.67146328592422,2.46416061715337,5.61023393661512,0.00022350801400593,4.44174872612319,0.000181382466529941,4.76815224020086,1201.10875180292,65.54371906
1.71689148372321,2.46687277704504,5.67418334870641,0.000217274320613968,4.51603961779219,0.000172756339473605,4.77341546083655,1251.43377709832,65.54371906
1.76569756430887,2.46973220142634,5.75637029790656,0.000216240068139406,4.62170245491639,0.000169869709051961,4.79863673881842,1302.40056631304,65.54371906
1.81671646195724,2.43645431560074,5.80092588742884,0.000215875977975007,4.71711190362052,0.000169970116710942,4.82136071212352,1372.53847073315,65.54371906
1.84378087832725,2.42184474259413,5.81815166969647,0.00022509482882141,4.79587291231966,0.000177512291276737,4.80422138149438,1400.69115679201,65.54371906
1.89853220703368,2.40954413941434,5.88947313888615,0.000232947363500414,4.87007257739528,0.000185983905092814,4.80339522726701,1466.64026336652,65.54371906
1.95733306917138,2.403716476906,5.99881824979624,0.000237383592108685,4.98174763358914,0.000187420781072288,4.79659305955193,1535.24084924676,65.54371906
1.99848004524593,2.39625390638714,6.06796720892828,0.000234721445513242,5.07677645261445,0.000184424141200076,4.84856714335032,1590.37324874016,65.54371906
1.46311108576319,2.53545248303408,5.73992947060533,0.00020345040016076,2.41402879853528,0.00015279453912965,4.57372749667013,794.690698470362,65.54371906
1.62763325312287,2.47416656440774,5.93456108171558,0.000201086703016562,2.61585793970457,0.000148406570221453,4.77417735053602,940.307174656852,65.54371906
1.67237208619827,2.44331682713068,5.97371190184488,0.00019313891766452,2.69884897114189,0.000141717702440458,4.84298109559731,985.766487572811,65.58464803
1.73318284131487,2.42027224621239,6.06119417871046,0.000192820428386055,2.79869497964115,0.000141269861917754,4.77787191960998,1047.26316678537,65.89045864
1.77418269211074,2.38775941158182,6.11541107822184,0.000195705335574968,2.88510518408557,0.000145093888466591,4.83943398765618,1097.96294226913,66.21371695
1.76494261621331,2.37540431590768,6.12358591255821,0.000203693172692555,2.94637761462311,0.000153543619738331,4.84756296520497,1103.45206190577,66.55393858
1.80700897816135,2.35123095695129,6.16166328694794,0.000205934808179335,3.02569643384491,0.000157718430533797,4.84833126705814,1145.65006890651,66.9106077
1.8413323129341,2.33081828671571,6.23495786836099,0.000203330390621502,3.11593659671572,0.000153616985815912,4.86245368551596,1192.4654139809,67.28317974
1.87237249677969,2.31221518023088,6.25724767076915,0.000195903980175232,3.19876131484575,0.000147662778063811,4.86223257459179,1230.31423986578,67.67108395
1.93947105573033,2.31030064319708,6.3535018602506,0.00019660136669099,3.29677505518073,0.000145809850508374,4.94481586542423,1307.45986479796,68.07372593
1.95823979171453,2.28769663591761,6.36594222560293,0.000197147761152621,3.36890750369143,0.000148016721016597,4.88109554875182,1335.59429036426,68.49049008
2.00027007414623,2.27367192816707,6.43931558906433,0.000206345402657834,3.46577759631305,0.000154767898787413,4.90538849558486,1386.40351272065,68.92074185
2.02388075594599,2.25714688880811,6.46534569289562,0.000209291834534789,3.53040666932495,0.000159142498196687,4.9265106975276,1422.85502718284,69.36383003
2.05973601815628,2.23805474470334,6.50579383937115,0.000207885842715718,3.61737464117399,0.000156986693882288,4.91744556462963,1469.70003782005,69.8190889
2.12626457599887,2.22327779910727,6.58823487063312,0.000204446579601265,3.69503259356099,0.00015266102204094,4.93035082717964,1543.2536634018,70.28584028
2.14723579376885,2.20802690659356,6.62861202290933,0.000199575310394199,3.75261934762182,0.000148488753680249,4.96961943139179,1571.98311681236,70.76339554
2.13805931839178,2.15057396569571,6.57382109566343,0.000196476370846893,3.81333580214498,0.000142994198171928,4.95517442838088,1583.03809929292,71.25105747
2.2324649078332,2.18239300648142,6.70879450386597,0.000205997993167886,3.92424748272945,0.00015361485702261,4.98018309420257,1683.98947735597,71.74812216
2.26776215714719,2.16493303303361,6.74692187206564,0.000211421203509116,3.99056693614015,0.000159827715943943,4.96033234179642,1732.06921526649,72.25388071
2.29630841567416,2.14530088345639,6.79503030682419,0.000210911468213156,4.07580472264203,0.000158493480321572,4.9820104246604,1774.83597589195,72.76762093
2.33519890518038,2.15403721705957,6.80792297641955,0.000205507493937088,4.14273886974809,0.000152246296836541,5.05640896821222,1829.03908163488,73.28862893
2.3831350375169,2.13664088002462,6.86563643404954,0.000200938501770705,4.21111442668013,0.000146966569214302,5.05200115175506,1889.46724483608,73.81619066
2.3938066064418,2.14681262600244,6.8712720353515,0.000199573109237675,4.31581014698443,0.00014658418424316,5.05116566758352,1919.84385875391,74.3495934
2.45881731996634,2.12372929533811,6.9420038906325,0.000203641222885332,4.38780202097985,0.000152029621547565,5.08182490129544,2000.8313526115,74.88812711
2.47794307646912,2.12023743690117,6.94180214694382,0.000210463799176525,4.45664738509235,0.000157943713065798,5.12741385766996,2036.82652036794,75.4310858
2.55348803076328,2.12273881160953,7.0865577272604,0.00021425904574596,4.57484333884926,0.000160774148785135,5.08258605273733,2124.6494442821,75.97776878
2.55135191640896,2.09587246940099,7.02776715118226,0.000208428891151449,4.58140003125907,0.000155730137048691,5.13207752343949,2136.74800094899,76.52748184
2.54574928884336,2.10035678428514,7.04375576580846,0.000201875748906752,4.62876628689985,0.000149812770718005,5.13116738619775,2141.75724950751,77.07953845
2.56874505523297,2.09894239498033,7.0451225539483,0.000201066514105433,4.68154434062179,0.000147670727726907,5.13721458420318,2173.56204741725,77.6332608
2.49887049557548,2.09624622064804,6.96190076816863,0.000203422601048352,4.66595790042857,0.000151336950830951,5.09349271191753,2091.58272912318,78.18798081
2.38839183275071,2.10291231519104,6.83121411910082,0.000210372306039209,4.66355133261998,0.000158020090259087,5.06831037155615,1969.25819309603,78.74304115
2.42203309664251,2.09759446064703,6.88313413951655,0.0002113363238224,4.74961468411556,0.000158893874828182,5.08985000127321,2024.2098905975,79.29779609
1.74281391988509,2.21206611588237,6.11314907040593,0.000211657731951388,3.26860344920097,0.000140046135946981,4.75873951505289,1157.75450657759,79.85161241
1.98203672557793,2.21318555438462,6.34637745455525,0.000213204250401544,3.51510575671215,0.000136763376358418,4.89081186540977,1408.08239298852,80.40387017
2.01389211539906,2.21158280889901,6.38203955728727,0.000211777332642247,3.57704542854845,0.00013620146915577,4.95645470090017,1450.8602322449,80.95396348
2.10936493719426,2.22684254512139,6.48166192570458,0.000213898137289555,3.68541875864043,0.000141361367616198,4.99952744511666,1559.44794773379,81.50130122
2.15372352765436,2.22857500544058,6.52543306136669,0.000217528383303099,3.77752791753424,0.000146705536232917,5.05875844597487,1619.92928749922,82.04530765
2.20338668270758,2.24038103605906,6.59801164585509,0.000219626533579702,3.87383286430768,0.00014650489582261,4.98163551806107,1678.21491495292,82.58542306
2.27472886223826,2.2438162526362,6.64357241413252,0.000215165689601948,3.98005977728364,0.000143526127965705,5.09222240056924,1775.34330789045,83.12110433
2.34317429997942,2.24335302330414,6.73351915974351,0.000214289988553338,4.0917014835946,0.00014060429616447,5.15221550994033,1868.64396397198,83.65182542
2.39075018911932,2.25550874352349,6.81453835980017,0.000213127687509496,4.16932174868861,0.000139225401649671,5.05946231133643,1934.23758633545,84.17707788
2.44534107973506,2.26798015326267,6.89342449879872,0.000218289102647273,4.26995330472949,0.000142012189716033,5.09208324289671,2003.77348265332,84.69637128
2.49551440979083,2.26174132542988,6.94369982954009,0.000223473356180626,4.35433272785028,0.000148629205370603,5.22564463376475,2087.0887017542,85.20923356
2.5421989547002,2.26405504533341,6.99735142591418,0.000226759357734994,4.4552439748531,0.000151637477710305,5.24174593337556,2154.6438523789,85.71521147
2.57535383973668,2.2578311772606,7.03163834318364,0.00022257233887962,4.49203606501632,0.000146842006952609,5.16529562408562,2191.21716078407,86.2138708
2.6657170398085,2.27201603377885,7.13911251910168,0.000223651463168337,4.60862032064056,0.000144373495411118,5.11670112576849,2311.17095527217,86.7047967
2.72859791826678,2.27227004459576,7.20652614389317,0.000222879876517253,4.7422922514574,0.000143324443320968,5.26486424058373,2416.34113602634,87.18759393
2.83846040219482,2.26216767325333,7.3299373598091,0.000222239869080707,4.85941007676431,0.000143185970545392,5.2126970858391,2569.08211941298,87.66188705
2.86576985453013,2.26738821679397,7.29311075998049,0.000229607451773261,4.88029063946308,0.000150511968407033,5.30303572464027,2630.17710262179,88.12732061
2.96739226826319,2.27672299780877,7.49391191767724,0.000239820506161702,5.04796709591516,0.000159767967757212,5.2664549776225,2758.37710718141,88.58355929
3.00677480437521,2.27351287217356,7.5315272785766,0.000238741161919917,5.13779375966257,0.000156266340515272,5.22160865897028,2819.18251179652,89.030288
3.13760937081555,2.28537979707307,7.67408640673451,0.000238274534722661,5.29880803120615,0.000152647028355416,5.15500092966884,3018.42090823484,89.46721198
3.19253350217016,2.28678681814351,7.71018353540086,0.000234436480496577,5.36467492799249,0.000147828995467433,5.27628694307993,3104.85140595788,89.89405683
3.25386380122587,2.2939678595397,7.81379098307485,0.000237441427836414,5.48109603468256,0.000148699956512596,5.27667568526682,3196.83234608299,90.31056855
3.38069521854755,2.28847041263337,7.90256215315322,0.000245664085843743,5.60248983923291,0.000156805201562094,5.33293496217503,3397.14761618577,90.71651354
3.45129510907939,2.28793965862965,8.00336371933624,0.000248705187170328,5.69756789537972,0.00016095576892619,5.28419460867368,3510.44765127312,91.11167857
3.48850425664069,2.28434390859025,8.0400174740438,0.000249080206934177,5.77819792439835,0.000160418513722575,5.29972955959004,3575.24190221127,91.4958707
3.61738690045284,2.29201412003947,8.15815003601582,0.000246578412262379,5.87933861565098,0.000155929796656119,5.2594437820354,3765.83690232597,91.86891723
3.67635091205011,2.28026888905999,8.20294015113215,0.000242644533338113,5.9615904891438,0.000153342605843954,5.2971756117859,3870.11709700158,92.23066559
3.78343582561808,2.28142123980416,8.29932732504628,0.000243371029034598,6.08594134547503,0.000153905355358754,5.3113567205667,4055.05321744382,92.5809832
3.81592684820383,2.28004731294949,8.34071949729992,0.000252405174553612,6.16324408423672,0.00016081374577765,5.2881579416557,4110.15122119464,92.91975736
3.90560619890274,2.28034007188861,8.46864494735559,0.000258600490775365,6.3172008987301,0.000166923057490696,5.2002316782695,4254.98065802908,93.24689504
3.86139295669269,2.27496263362564,8.39183964843924,0.000255944469933252,6.2908933476913,0.000164880836811106,5.18997174330018,4211.66973778908,93.5623227
3.98383745570855,2.26420869916992,8.51163576615234,0.000253170093730573,6.40194705900776,0.000163307773418098,5.20818436384066,4408.83676068365,93.86598613
2.79726831884007,2.31994160171155,7.56282615328858,0.000285472106678373,4.21662169538237,0.000185644921503445,4.76344714406358,2436.06100523829,94.15785016
3.04413405328392,2.3282401509276,7.80764819242824,0.000290878520622899,4.4209093575169,0.000188585277824944,4.71670175442757,2751.2928697097,94.43789847
3.18572960720727,2.32439311489571,7.85752190066569,0.000297489315729957,4.50715553787067,0.000195413163648065,4.77689667056008,2957.94481223296,94.70613329
3.33899804428256,2.31861413567465,8.04786861402096,0.000295420434685306,4.6494716357776,0.000193726864625299,4.73392866173351,3177.64992065524,94.96257518
3.39890553708143,2.3091609082322,8.1206177156594,0.000293669533873706,4.74015913620075,0.000191997934334811,4.71331319857898,3276.92851048699,95.20726268
3.50427018338585,2.31016954383126,8.2138838233123,0.000293208587241022,4.85234382787578,0.000191415609561858,4.74813886829768,3440.30047076703,95.44025205
3.5902421551457,2.3036759602754,8.28009126264744,0.000289507175095342,4.95348317988198,0.000188980001339536,4.69844149641965,3575.10198496064,95.66161694
3.79235264377298,2.28549407711393,8.49092065060423,0.000293550674076435,5.11416810107796,0.000190268332312479,4.67070450744757,3874.70217420765,95.87144806
3.80708472374082,2.29015794555484,8.50954260536771,0.00029483018218887,5.17151168467689,0.000190412797213739,4.68768018637706,3914.06329301313,96.06985284
3.79675353245718,2.26090217626727,8.53271059401468,0.000291856788195778,5.20901580221282,0.000193808031747593,4.68725406945883,3902.71085884955,96.25695507
3.82835958050175,2.25384755353586,8.5657912480974,0.000290739318739382,5.27382232966246,0.00019268988208434,4.59079939558493,3953.64527849073,96.43289455
3.93509776407083,2.24839886845038,8.64925756363199,0.000301911325664276,5.35240945325462,0.000203050218403085,4.68690705073493,4125.98986047878,96.59782671
4.02880138295722,2.24220976097888,8.75091073416517,0.000312690294229431,5.47808580089327,0.000211489360170609,4.61314597220759,4286.32758595826,96.75192223
4.15011631347137,2.22862559390797,8.86890876757131,0.000318315391998295,5.57443431247262,0.000216064769394377,4.58745901965676,4482.48398545934,96.89536664
4.23655105563487,2.22332691871703,8.9710952478886,0.000322781553545653,5.68627917145426,0.000219668085787482,4.53930259043414,4635.35748647065,97.02835992
4.29327774906179,2.21788977774247,9.03792893310354,0.000323704192303926,5.75592907152235,0.000222213405549257,4.56897083130764,4742.52345818932,97.15111612
4.36371096694022,2.21028537074161,9.13703642647274,0.000327793107368355,5.8388947391922,0.000224907240643336,4.51150558937225,4867.56003280965,97.26386291
4.48149178548014,2.20608055009268,9.26630634345059,0.000335649104306572,5.92882301011733,0.000226659879487871,4.52626857941442,5064.40999256609,97.36684116
4.5773402875875,2.19584037236542,9.35786906168864,0.000335579556361366,6.07842440236367,0.000228337225266363,4.49663150590028,5251.22930635843,97.46030457
4.73545257868046,2.19186652441835,9.51479415117874,0.000340252777094733,6.16596394672486,0.000229432568661731,4.42742923863719,5518.45523877965,97.54451915
4.79048929544077,2.18633320360553,9.58389348546292,0.000330132969611353,6.23605574755557,0.00022016528539941,4.45805885263217,5624.21362624333,97.61976286
4.91318806120121,2.18971070279373,9.68749948204575,0.000344387569365694,6.32860313540928,0.000231271111994217,4.49872999919141,5856.67643109428,97.68632512
5.02044065570722,2.1790190897394,9.83978654983987,0.00034325965141948,6.46912469466406,0.000230131826677767,4.38742594203227,6013.22138575843,97.7445064
5.12963022377259,2.1733072723635,9.89106318712027,0.000339213220607247,6.54707678757446,0.00022534472770031,4.36398361743236,6238.05421758723,97.79461776
5.31309851484258,2.17250219125687,10.0279905261793,0.000343811666256845,6.67684391668048,0.000227400428490316,4.37077883920457,6571.90652689178,97.83698037
5.46007013288339,2.17000106708233,10.1631431043193,0.000351431516839628,6.81876881910326,0.000231956137596184,4.40856314880515,6858.61114397962,97.87192512
5.47588218904343,2.17528669584166,10.1027299845366,0.000352660169084585,6.82887873754879,0.00023695337688943,4.40004429747618,6937.59129270945,97.89979211
5.72754711163521,2.15930450119266,10.3852993217656,0.000356727189999522,7.01636470409401,0.000240354517881337,4.36526743155437,7374.83035978663,97.92093022
5.74546096390212,2.15641926216633,10.4016942893293,0.000353813450321694,7.0871387854374,0.000238157216869574,4.38229334464848,7427.925212644,97.93569664
5.98067298716128,2.15176245609285,10.6002315247561,0.000360373405497367,7.23911255260097,0.000241197381681445,4.3311164733549,7870.70841965718,97.94445643
6.22097951441736,2.15123935498456,10.7798653859051,0.000362353512020005,7.3902299156343,0.000241758518703984,4.34876914467162,8366.47466196494,97.94758207
6.31008126235588,2.14593240010107,10.8697246304846,0.000358072615954488,7.49584129178293,0.000237125909920554,4.37568304089114,8553.54411663629,97.94758207
3.65796318712003,1.98441230810438,7.7555874500168,0.000266982558159285,4.58544281023121,0.00019671248243047,3.98035926368906,3409.84474148313,97.94758207
4.40290008971974,1.99072190415572,8.45770043233529,0.000298833329965271,5.02925744738877,0.000221622210856222,4.11275570375447,4498.48464697967,97.94758207
4.7597002716712,1.99218006564217,8.78105708965414,0.000315309663522881,5.27481587087012,0.000235396982404,4.04654526290066,5076.15454433425,97.94758207
4.98188772665173,1.9927602696732,8.97732537026695,0.000323349446933999,5.42251721210768,0.000238544261186199,4.07186843833807,5450.72524837543,97.94758207
5.15195259339972,1.99413535303804,9.09005308317229,0.000323136932574627,5.53601586321665,0.000240795753883049,4.08806391717699,5731.53965199579,97.94758207
5.31498275921249,1.99340359833519,9.21139863732825,0.000325260967184192,5.67331464760416,0.000240526819524186,4.08257702029267,6062.65505856382,97.94758207
5.35963444069322,1.9941898363373,9.28158221941877,0.000322937103553797,5.72813639861141,0.00023937194769523,4.07404955430545,6150.29145016254,97.94758207
5.4944227199367,1.993744921289,9.38125912604683,0.000323377383061345,5.86139994900153,0.000237576240426601,4.06709698098844,6412.88471743541,97.94758207
5.59012022157947,1.99219660864584,9.45994251312409,0.000325430422696308,5.93473749134366,0.000238316303093939,4.10330629016136,6595.56692848438,97.94758207
5.73674956701743,1.99396887872099,9.59538387579581,0.000325487604065683,6.06396195241819,0.000239370334591761,4.0448349314415,6891.5700055236,97.94758207
5.64060424229668,1.99099668067546,9.52412894448787,0.000316593657455606,6.0833865430582,0.00023561154419748,4.14539629279816,6744.0465325336,97.94758207
5.86992132000878,1.9930853614606,9.72342341278365,0.000322058549674332,6.24793767446853,0.000236275544968154,4.06239007234732,7152.79152740374,97.94758207
5.97136726289922,1.99785412788218,9.80796446330837,0.000335280639874912,6.30781569976543,0.000255084224193017,4.18600382475571,7378.84351851612,97.94758207
6.11497040101946,1.99878231313067,9.94325515916458,0.000349167437417633,6.42195997319331,0.000264928405942153,4.04411019052944,7643.84470359592,97.94758207
6.23520102363448,1.99846607544917,10.0737731140584,0.000347947633648617,6.53015051275047,0.000265185220968396,4.04523717337988,7884.97667733705,97.94758207
6.45055105636384,2.00229174773901,10.2666568167095,0.000348555998927741,6.68964017424328,0.000264745647715859,3.96966465614532,8305.26040838767,97.94758207
6.5448637581497,1.99975126904584,10.3613150363006,0.00035094162850442,6.7862772567855,0.000265862109058424,4.0081551534477,8543.8734881349,97.94758207
6.79635203706244,1.99539604924858,10.5495709862617,0.000354707792337771,6.94402314754831,0.000264037384831908,3.9391143748141,9055.49342848089,97.94758207
6.96740910175399,1.99152283754389,10.6704645148007,0.00035526215753594,7.0677087460777,0.000262988958250344,3.93943038808028,9407.43927827431,97.94758207
7.22153913270834,1.99370496790371,10.872444013733,0.000359147026942352,7.22051596889921,0.000267019850852499,3.91566257756562,9927.8023261186,97.94758207
7.37278088638833,1.9905632724494,10.9808871305188,0.000359238909929734,7.34891482484842,0.000267620981259949,3.89688520041494,10276.077514385,97.94758207
7.58014222676984,1.98724303848958,11.1213898261896,0.000350814207928768,7.47952781503139,0.000263424259696371,3.90632902413024,10707.2480761957,97.94758207
7.64752529387115,1.9772885120567,11.2449450231196,0.000368568869352702,7.58387679216481,0.000274388782603642,3.79299166402304,10876.3718226607,97.94758207
7.47457437535568,1.97819282113148,11.1031605466444,0.000359343688553915,7.52804485184989,0.000270182508806758,3.85886506733932,10544.4263199276,97.94758207
7.63246004313831,1.98355087874673,11.2166695880454,0.000359199505404486,7.65926720570045,0.000269763160714532,3.79738353672791,10877.9800569963,97.94758207
7.8706878586873,1.98981379668025,11.4153649952451,0.00036508964197857,7.82806889870126,0.000274267113371232,3.76495326325399,11406.3068435272,97.94758207
8.05446777670668,1.99432353256372,11.5644992655627,0.000365884141601304,7.94919473080305,0.000269895611949236,3.72785794127529,11814.1774991162,97.94758207
8.0924558266258,1.9850725758548,11.5926769576024,0.000371611179568342,8.02961602113621,0.000279239690109621,3.80975388615977,11985.0534962322,97.94758207
8.07683663255348,1.99495782985145,11.5606849018443,0.000382581004281622,8.03901955076547,0.000286233638656859,3.75973497398683,11956.2054164339,97.94758207
8.1507977960444,1.99672157572108,11.5952092632857,0.000389773153437132,8.10153398279317,0.000295672415874566,3.80649072589315,12137.4419946728,97.94758207
8.25084369869293,1.98906576429009,11.6727433755542,0.000379225364115716,8.18991303280192,0.000281277126899162,3.70899846454451,12324.0958304538,97.94758207
8.25131080064845,1.98351156507552,11.7202064103652,0.000381965469213915,8.22784576370318,0.000285353614815544,3.71189181721771,12341.6292877843,97.94758207
7.40245866021545,1.98098059669952,12.1966035168871,0.00034553569800761,6.59772114454791,0.000258146333159542,3.49265834686624,9647.86463629757,97.94758207
7.95063403586981,1.98063460960226,12.4435253831161,0.000367661285875226,6.83227415821756,0.000273878190726539,3.55601040482353,10695.5693282731,97.94758207
8.06465108485355,1.98247988978396,12.5213004808444,0.000372397293788323,6.909322982753,0.000282453474357204,3.62102779104597,10992.4360127823,97.94758207
8.62169655980423,1.98035449583136,12.9036848523863,0.000376398168195562,7.18283783058847,0.000288095968206288,3.54166428086689,12156.7115377753,97.94758207
8.89531544653641,1.98318006866924,13.0549309986115,0.000396908480183596,7.35086356432016,0.00030520768145513,3.54627743272513,12805.3351053937,97.94758207
8.90854266960324,2.00946768850216,12.9384790182314,0.00038704116722549,7.36017200160657,0.000298607474766003,3.60909410203153,13055.1472792608,98.04939711
9.02285732504221,1.98753174149742,13.1406434740625,0.000383932497630676,7.52379372083045,0.00029983392173167,3.57889383337314,13169.5526516446,98.16385952
8.9247312773219,1.98536734826545,13.0755332505882,0.000386145939164488,7.52655493992795,0.000301763441363332,3.5373976078276,12994.024041968,98.28908463
8.94171685396547,1.9856564652353,13.0842334662315,0.00037667470865833,7.61073401761761,0.000293958665422517,3.44329753988114,13056.3607619664,98.42538882
9.05022280460847,1.99430187346448,13.0860809714988,0.000383663207201794,7.65214216991061,0.000298269634604674,3.49826997076742,13393.7674384396,98.57308034
9.33169357067198,1.98169881110412,13.3486746375809,0.000396765075787686,7.86239624789597,0.000308030274621507,3.38393720269889,14000.6073099705,98.73245902
9.45731990037907,1.98170395698213,13.4281477714628,0.000402569179707214,7.9428075595698,0.000317058368343747,3.40693992593401,14326.9816179871,98.90381609
9.38141036059485,1.97874900862811,13.4555702886111,0.000405250073404512,7.99846213990663,0.000322848199130954,3.38198733375124,14216.0465206627,99.08743402
9.56994044567192,1.97997992838253,13.5826492105485,0.000408603679615256,8.11295528301129,0.000325884701641368,3.36002583006543,14693.7084744063,99.28358632
9.59190279744782,1.97770988970843,13.6359616392182,0.00041071037229763,8.19615479766826,0.000327022184610987,3.35869922957117,14771.871827287,99.49253735
9.769891563367,1.97743453595411,13.717540304758,0.000403115697492203,8.28151400788461,0.000323895438095199,3.37606120835286,15233.8042001574,99.71454217
10.0328579604615,1.97580418922716,13.7779879096888,0.000404863230006119,8.38759090279978,0.000321232745456091,3.38476081823616,15785.7939666786,99.94984642
10.3540441843292,1.95362273334982,14.0816236357466,0.000399146107452726,8.61754200983183,0.000314218502118606,3.30263744514542,16467.098485088,100.1986861
10.2690149701507,1.97537048857302,13.8860285158116,0.000399827229720383,8.56344744420287,0.000322276985369295,3.3882976738726,16418.2580704568,100.4612875
10.6271064443022,1.97180253116909,14.0955066233296,0.000407194641866947,8.69946063728621,0.000326438541662016,3.34291875174359,17219.3142338067,100.737867
10.7477147708719,1.97106390551972,14.1667435591028,0.00041717560030321,8.7797553484639,0.000335832229455573,3.33042168508812,17592.0953494546,101.0286311
10.9444902441306,1.95032271678587,14.4242450420442,0.000425221863431064,8.99385371428052,0.000346019694331052,3.2400063638876,18013.6543463942,101.3337761
10.9045095201119,1.96863001570625,14.36318003326,0.000422856531480792,8.99168628739512,0.000344899896285972,3.25880131292963,18131.759746648,101.6534881
11.2699710435659,1.97244461413813,14.5817709439765,0.000427401147917675,9.16319405700696,0.000349382058365972,3.25236484488255,19068.3993805332,101.9879429
11.3299962561922,1.97296055752532,14.6569807905512,0.00041935411726839,9.25784154998831,0.000340761789692977,3.26160827437841,19287.2828922704,102.337306
11.5872694728505,1.95794427713978,14.8522771457698,0.000429491747198819,9.40269380491853,0.000348199150533173,3.23540232173587,19876.0702612943,102.7017323
11.699331279628,1.96492352364108,14.7756965412245,0.000435376172711078,9.41458904996405,0.000348973119416383,3.23286052332566,20194.5919861487,103.0813662
12.1205813558138,1.96594940442542,14.9848772625671,0.00043801185069846,9.58899502536397,0.000352989672655568,3.20012434067325,21263.9082289069,103.4763417
12.4203542730924,1.96286060594498,15.1856670868873,0.000449432759419205,9.74848595837134,0.000364563781717724,3.22215116491607,22118.1745343067,103.8867818
12.9073288165767,1.96352047829301,15.4310167005945,0.000468993254941874,9.95655534722591,0.000373771449438408,3.18476866448369,23406.6478374407,104.3127991
13.4757639973438,1.96387314234497,15.6991197169588,0.000482290730133798,10.1804217599058,0.000389315667649702,3.16434022240814,24978.5532311052,104.7544953
13.7479136383295,1.96289377028729,15.8970491717594,0.000481287643043491,10.3086546272471,0.000392167351506387,3.13935632658434,25699.1298889854,105.2119613
11.5198427047908,1.98988597298936,14.7506472491196,0.000447070959299503,8.09566941328086,0.00036384135041619,3.09427832803542,18449.8507422951,105.6852774
12.0847692781006,1.98568379093756,15.0283708319931,0.0004842953491655,8.33655255798578,0.000389702304420861,3.13575399897339,19813.4911869071,106.1745129
12.3622136989628,1.98750795829093,15.2101325587513,0.000499685181258445,8.50453885765497,0.000400887316055342,3.14641045343921,20612.6332285811,106.6797264
12.6510722187024,1.97993693053358,15.4669681748329,0.000508258911046777,8.70028989314178,0.000408907238751298,3.1162743656978,21407.9736335882,107.2009656
12.5329605353522,1.98583111338973,15.4099694249499,0.000487914015535136,8.70716777238924,0.00039933998019069,3.10247010515724,21182.8481876016,107.7382675
12.4256935642861,1.98617947444722,15.4143838545175,0.000484621701905526,8.76035062037947,0.000400117199659144,3.11899063611496,21006.4662981756,108.2916583
12.5610506845655,1.98741465230851,15.5067576514762,0.000495542396173698,8.88453747848821,0.000419268947008472,3.12423517474678,21403.4208973937,108.8611533
12.6168215792256,1.99224160754234,15.6438689729942,0.000491124617176093,9.01604658757809,0.00041122929592169,3.13729131622974,21697.8034203126,109.4467572
12.5287584309572,1.99258248184656,15.6553372357085,0.000493393241722689,9.06886131696237,0.000415067077992479,3.12372315113112,21603.3362007288,110.048464
12.5477281296026,1.9887529469592,15.7516197553697,0.000485827777956465,9.18594357331766,0.00041306043806512,3.08003920339187,21783.5228093736,110.6662571
12.5541869341899,1.98947085978208,15.7741262923876,0.000502234444474203,9.26150711148014,0.000430130439724292,3.08173881327956,21877.9145436454,111.3001091
12.72327640442,1.99529540249395,15.9282531405239,0.00050876989457131,9.38829721060723,0.000438496283996288,3.08617895909856,22414.3140573674,111.9499823
12.8446307105509,1.99668808804651,16.0497655775348,0.000521180815821443,9.50525032611413,0.00045660626040885,3.09570189371409,22904.7856496547,112.6158284
13.1517275313783,1.99567299185496,16.0725276683457,0.000522777563900645,9.56914992616123,0.000454733855097552,3.07980662629133,23688.5769380865,113.2975887
13.3531339836821,1.99499253545342,16.0901693651651,0.000515031288453039,9.61596181799523,0.00045001299142935,3.07292484655104,24178.1693284486,113.9951942
13.7813872720261,1.99417101587346,16.263261808626,0.000534520336401391,9.76291349040991,0.000474035133958253,3.08345640293137,25350.6915694321,114.7085656
14.1058186582141,1.99630473896346,16.3261439950324,0.000521603440012859,9.84843780154391,0.000456597804134952,3.07278489357676,26081.6501483687,115.4376137
14.4579708259972,1.99679445912478,16.4178475352129,0.000535315588590899,9.94932529212045,0.000466034353007318,3.08519604856266,26984.6517548026,116.1822389
14.5448675994763,1.998320686107,16.419946381008,0.000528649831576218,10.0026816679085,0.000467266330057067,3.08397104087119,27325.2417058187,116.942332
14.8508449880364,1.99920617407137,16.4894536421921,0.000524525252858733,10.110247023026,0.000464560930413101,3.0587016020477,28103.0183452422,117.7177737
15.1273697535947,1.99815036350698,16.5773912520996,0.00051868173725027,10.20419143794,0.000441160565294306,3.06659276642283,28800.7661952727,118.5084351
15.3470826601616,1.99280814439637,16.6489596220199,0.000536650916963126,10.2891399168873,0.000462061193395619,3.05178780741,29349.2517576796,119.3141778
15.6212747165599,1.99162722768088,16.7348110190843,0.000553199617955038,10.3822979745185,0.000478974588828139,3.05142870770361,30070.1988355718,120.1348537
15.8147155549733,1.97885554109268,16.8326599522891,0.000562343970730135,10.4988480442085,0.000490560478449664,3.03383008898929,30656.6041926043,120.9703056
15.6794222871658,1.97619954810373,16.7428339453103,0.000563115441181061,10.502930761097,0.000504898927530931,2.99734813043134,30322.5020586815,121.8203669
16.0761251137748,1.95672166503016,17.0887434356217,0.000588530718850267,10.7448706015276,0.000534202516111536,2.96406716556241,31404.0198551066,122.6848622
15.9532944825265,1.97023441539079,16.9694965959043,0.000571228466548725,10.7294394410494,0.000526106693202533,2.96595684260228,31333.0948767322,123.5636069
16.0668684826358,1.96899168366557,17.0190409347854,0.000568264662237824,10.8050859786649,0.000514048958271056,2.94428742326895,31706.5956084915,124.4564079
16.5784880680409,1.96859034593174,17.2603566169901,0.000571082417712014,10.9981043118545,0.000506232982470246,2.947388973813,33232.2639611228,125.3630635
17.2299051116156,1.97108663423855,17.5514427599507,0.000549880777307544,11.2219827324512,0.000489149293941181,2.95996664043631,35383.719891257,126.2833633
17.6043402696241,1.97447880134929,17.735008889961,0.000562319823362281,11.3711601265144,0.000493822882134308,2.96418942758626,36633.1275446427,127.2170889
17.9899230723773,1.9753605202794,17.8851334655659,0.000573084756173835,11.4979531825166,0.000495360634448374,2.94927819944846,37887.2882301669,128.1640137
16.004056760653,1.98313719767585,17.0923358754767,0.000558341869189754,9.93350730940625,0.000497992402146834,2.83734475839007,30378.7811103714,129.1239033
17.3108417606923,1.98089734794446,17.5570335206995,0.000574230194593146,10.2603653060314,0.000502871614382584,2.87599519031723,34103.9081175365,130.0965154
17.971486516869,1.97725907820147,17.8573225969179,0.000587093823235295,10.477582284245,0.000533022060052493,2.86065885067709,36057.1415510458,131.0816002
18.4634039442122,1.97355975722737,18.0830804583847,0.000606467345583109,10.6713133069053,0.000538940353832966,2.85672251777924,37625.2656046149,132.0789007
19.3247093029491,1.97158207805166,18.4434983303091,0.000648790062552111,10.9270366841587,0.000562772358120842,2.86071363967968,40112.2598538957,133.0881525
20.6425561975277,1.96640592433612,19.0839354032834,0.000721222697002147,11.3772301302641,0.000612813390435391,2.84589383985712,44469.3975790599,134.1090844
21.9764731349004,1.96524286602203,19.6728922748369,0.000761473860708989,11.725691412572,0.000660615395041301,2.825015944886,48870.2160204649,135.1414183
22.4468652673344,1.96787444414745,20.0020164416707,0.000777083119140742,11.9212985437759,0.000686806014089034,2.8095441309816,50519.0338460406,136.1848696
21.2887892838057,2.00596204742066,19.4063391370603,0.000753770981626621,11.6151004528039,0.000678607861981884,2.8463780084978,47457.9848876142,137.2391473
22.002272784553,1.97081315262322,20.0059068900556,0.000811883266191686,11.9697544106356,0.000748142379689646,2.79777859497755,49327.4590739489,138.3039542
20.7271097032893,1.97071923437308,19.5863889020165,0.0008334613028494,11.7275868261604,0.000734615027397193,2.79707581105484,45237.092707471,139.3789872
20.7267274835402,1.96989082734222,19.5908809083767,0.000878842416653274,11.7810630301246,0.000739308230567305,2.79299083629991,45246.9746983746,140.4639374
21.0283596218423,1.94094440366154,19.8874599942722,0.000875724543119637,12.0037376227946,0.000752222571585726,2.75051400444382,46174.2462727067,141.5584906
20.8854066866542,1.964156763638,19.7158692746559,0.000872830437224339,11.9323560784629,0.000750085142765306,2.76389894995862,46121.0901658601,142.6623269
20.2900708257775,1.96319543744102,19.5418516946125,0.000870970110444458,11.8324326395957,0.000774440557490043,2.77157841346065,44345.6373448053,143.7751217
20.6793427403452,1.96339193553468,19.7048328333423,0.0008544275649542,11.9791602605311,0.0007548825300441,2.76381431747049,45648.5628883344,144.8965453
20.9658674334188,1.96765304917309,19.8136278595646,0.000888290397483943,12.0872827132405,0.000769124133922192,2.78353366549281,46598.1914193843,146.0262635
21.1040232605492,1.96768074245366,19.8955397135765,0.000908186549793757,12.1718016508634,0.000791323750736586,2.78958096842809,47309.0831970912,147.1639376
21.5538097355275,1.97043941090863,20.0281442697453,0.000907673863413158,12.3205639676078,0.000796486859252507,2.78729484492452,48845.9207853083,148.3092247
22.3827328197341,1.96690615070592,20.2807839235014,0.00090430706898091,12.5589632952982,0.000794323978143241,2.73724664238169,51639.5923042674,149.461778
22.3645118399668,1.96757973137578,20.233710697716,0.000891418135349754,12.5792013115632,0.000786012021324054,2.73219479457452,51567.4931826716,150.621247
22.4225561482988,1.96902304085021,20.2388595784005,0.000885907398796453,12.6403229540543,0.000791343387082366,2.75387131192839,51794.3955386374,151.7872777
22.1998083645347,1.97152705733588,20.1330122988876,0.000907815230085184,12.6064044883127,0.000808751850234809,2.75711123351651,51062.2664807669,152.9595127
22.6091547186319,1.97296192275024,20.2769658934663,0.00089663167693435,12.7314204165997,0.000795048424135285,2.75262790865032,52476.0453184415,154.1375919
22.600378154356,1.97689165795937,20.2386029133407,0.000975296351404444,12.7449143274227,0.000883206174086176,2.73349644938632,52559.8386569208,155.321152
22.3487438114703,1.97530973628897,20.115377426296,0.000940473799128588,12.6997952982982,0.000867039382957439,2.72796976770187,51545.7722905933,156.5098275
21.9936575793374,1.97517925849288,20.0152646336672,0.000984720579811077,12.6791760191782,0.000901907179068225,2.72801810813205,50359.9480496712,157.7032503
22.4166473107092,1.94996575331736,20.3925060309136,0.00103672774036251,12.9385677799246,0.000961973717729324,2.66336357428119,51378.1587848383,158.9010505
22.0837811468771,1.97472091109551,20.1066920546062,0.0010769316389886,12.7872342011749,0.000997955228478067,2.71415128748333,50622.5391208395,160.1028562
23.1275004286747,1.97547192094236,20.5372693024608,0.00114169168361533,13.1182683369466,0.00104720181641821,2.7009848013199,54166.5611748578,161.3082938
23.0890603695638,1.97998949625893,20.5349969643399,0.00106340625417405,13.1552971732647,0.000973408190032325,2.70457993253841,54155.3221585485,162.5169886
22.5580053132075,1.9842884995823,20.3196606620271,0.00102271787446467,13.0705509100643,0.00094447263570664,2.71545044586501,52409.468017089,163.7285644
18.6586302727563,2.02521903904731,19.0468519012646,0.000930309354257216,9.83920654220625,0.000863294066055665,2.70896582937738,35974.4612140389,164.9426445
19.4780072981067,2.02144835806519,19.3770388482653,0.000962584459443167,10.0876373447208,0.000873658383712049,2.7021695478647,38416.6581244729,166.1588513
19.9199805066911,2.02042014060805,19.5434159751964,0.00101418924937545,10.2533980594218,0.000935774845467523,2.69629202939374,40012.7312165538,167.3768067
20.5332605352016,2.01694467341722,19.8478802997859,0.00109339301391863,10.4559319950036,0.00105117286643469,2.69252617756428,42075.3941587139,168.5961328
20.385952684551,2.05346696724079,19.555969492635,0.00107679925953083,10.363750446263,0.00103125341870158,2.74130771736972,42188.863425736,169.8164512
21.5965471778049,2.01631360263917,20.2607944530556,0.00114753919650156,10.8319103233558,0.00108988224772302,2.67847150422702,45565.0445340016,171.0373842
22.0113296604254,2.01256400802594,20.4400349308307,0.00118791358032082,10.9757032487459,0.00112650096886153,2.68130505192439,47043.7186861088,172.2585545
22.8281525475274,2.00958326227523,20.8431312362924,0.0013111525624132,11.254556664329,0.0012306511140791,2.66309194838253,49897.1105913478,173.4795854
23.7461325706893,1.99027549482068,21.3382605159287,0.00124092956798209,11.5585689711235,0.00117192732876899,2.63547540389522,52557.8165470675,174.7001014
22.9017682105863,2.00645290833915,20.9024922164997,0.00102327081613966,11.3350975919168,0.000941715936677817,2.66600399097197,50155.3010802511,175.9197281
22.5449580184189,2.01230234080608,20.716683364561,0.00103124604809066,11.2789281495361,0.000985303063079949,2.67751319523084,49114.7600254172,177.1380923
21.9414395327558,2.02620127936979,20.4849297644539,0.00101006679006068,11.2080875981442,0.000942175153907926,2.67800421979013,47478.7112768408,178.3548229
20.705728899585,2.02958396550617,19.994110848246,0.000961663769545648,10.951782249461,0.000883019840465657,2.69692463671747,43566.5819810066,179.5695503
20.483621849906,2.02613562450584,19.9124580793872,0.000959189859692461,10.9749701729434,0.00090670769502392,2.68725862743287,42867.5773302247,180.7819071
20.9891039624535,2.02010719941531,20.1183160434635,0.000977229650184827,11.1580625345976,0.000927508149497329,2.66197753529038,44511.4487417521,181.9915282
21.2136360913971,2.01565860407592,20.2500891457297,0.000975880235799364,11.2899171220156,0.000959413239406438,2.65365786243937,45252.7632409519,183.1980513
21.157355017704,2.00970135426925,20.2557635915326,0.000973764446846632,11.3430122391914,0.000961166520719516,2.65325473576963,45046.5099843337,184.4011164
20.7622626391305,1.99728484292239,20.0164853350834,0.000883086374350466,11.293845484902,0.00081695770530883,2.63074996318808,43971.9642228253,185.6003667
19.9460615200374,1.98773782218661,19.8126114444385,0.000787552595935795,11.1690730924448,0.000764198703683858,2.61786638253011,41385.0155350852,186.7954486
18.2571643677344,2.00100128473784,19.0586840508207,0.000811807306349911,10.7783560802085,0.000790382223026623,2.60678494536984,36748.1369678644,187.9860118
15.4440029693863,2.00463271165561,17.7462778132893,0.000783031948148326,10.0269967637396,0.00077333324587085,2.59610715049837,28787.1133559332,189.1717095
13.8323596444125,1.99772049130735,16.9852742250231,0.000779524278463563,9.61191360002864,0.000771440308737559,2.60762662056142,24309.9898787514,190.352199
13.0886566864118,2.00014510096603,16.5152788798081,0.000793638196002251,9.41666717391891,0.000781194507174623,2.62337110798934,22449.486546042,191.5271412
13.1147398373695,1.99881500410058,16.5290914224808,0.00073874379564071,9.48272539219764,0.00072691287501175,2.63215979027732,22505.9093875061,192.6962013
13.2810239448259,2.00294705325638,16.5719262297649,0.000701838263903487,9.56828331223518,0.000689152647310102,2.64618916363386,22977.1331840745,193.8590491
13.473580808596,2.00374753248522,16.6802065426585,0.000687720576835289,9.67297556237863,0.000676880676734129,2.65480048846237,23497.2803620474,195.0153586
13.7935008931671,2.00131592853934,16.8120384248243,0.000653801799701541,9.80935321349662,0.000643981585572986,2.63587174009675,24391.1810466103,196.1648089
0.03536872305387,2.75481134516747,0.40085729872291,0.00012386420003297,0.705132041852762,0.000118316719440501,8.84445227720004,3.00998423396546,32.31711361
0.0776622808928879,3.02263915828275,1.02815086403276,0.000154512366046153,1.02409504590533,0.000145901281299609,3.53086794061146,10.7909439855603,37.914879
0.21195836354296,3.07331745297854,1.7760923539755,0.000195001558602121,1.83398800758283,0.000183425995292777,3.81297993156819,53.1605985084534,43.08790971
0.276827712861165,3.10254792606301,2.10492034233049,0.000209136971417598,2.02451409004463,0.000196177941262522,3.68162273657602,78.5374832200749,47.8590723
0.243556244101104,3.01693604768048,2.83138411458925,0.000169486652482713,1.15025462307002,0.000144809887242188,3.49782304040907,53.1343028405828,52.25032922
0.270882441071255,2.9493527525848,2.93066784862415,0.000158055228882406,1.19219056322711,0.000138883663580778,3.55555199419211,63.2349764603875,56.28276562
0.299657327278496,3.00670805523884,3.01691001524932,0.000160382795101949,1.27442709541333,0.000140578108808995,3.5076366589902,74.8908679758722,59.97661561
0.317491080144774,2.94677036317333,3.09458890127054,0.000162705083987171,1.36113366246198,0.00014779116394625,3.50554932345569,83.9435345019004,63.3512879
0.352144341973068,2.4275110273066,2.71092382217893,0.000144394149870983,2.00176397617281,0.00013102587015185,3.4112986294296,111.677026128045,66.4253909
0.358049898175744,2.48497493890663,2.68930459785867,0.000138062067437691,1.99514214262223,0.000124190094003505,3.48133177019818,115.122305622256,69.21675719
0.385257608086262,2.51233002907333,2.76873617563622,0.000135839049276628,2.08258401512971,0.000119652820786908,3.53423441457872,130.057248623204,71.74246752
0.419887683503505,2.54780288271936,2.85931572842844,0.000138486671841889,2.19074907759188,0.000123964324541532,3.55967101281693,148.453559939794,74.01887416
0.317864312264163,3.03820109161097,4.79126845487999,0.000142589463308568,1.23824768589064,0.000130215138437181,3.64378540084287,79.4554459091498,76.06162381
0.366190736044898,3.01966995007102,6.02676274870654,0.000139331071544361,1.23249814825809,0.00012845698268815,3.65291090889786,95.7508506250694,77.88567991
0.400029710020081,3.01917606086368,7.16977697138997,0.000146342586679075,1.31068434938198,0.000132638130397469,3.68241719450345,111.806365661996,79.50534445
0.418552740317552,3.02182024834433,8.26441219653519,0.000143980400498221,1.38571630691176,0.000133270991664266,3.68818988961709,121.808057725963,80.93427925
0.441327208566004,3.02661114255844,9.35274422946134,0.000146054885319524,1.44510676124096,0.000135779795149866,3.69977123915485,133.276861113392,82.18552678
0.45054520590717,3.01766931632757,10.3942964359745,0.000146178366191518,1.49864433709856,0.000134279532832313,3.73580379125898,139.235643241073,83.27153045
0.462199300962222,3.01597403838889,11.4393093812466,0.00014652154702032,1.54882678739309,0.000133149043163952,3.73587111736682,145.054836000224,84.20415441
0.48882711013717,3.00348123073769,12.4832851493648,0.000145244190525762,1.62118254838032,0.000131848800880385,3.73864100555503,160.138381117864,84.99470288
0.317596901956218,2.33411658562513,3.09082804931255,0.000169919774666376,0.427653346046766,0.000155341835861769,3.52242680438728,47.3536093185629,85.653939
0.390162145852325,2.38798259982613,3.50253853917856,0.000170158120104668,0.471081910311978,0.000155226780721497,3.56363583521471,68.6889460392242,86.19210327
0.41678675941297,2.38942157997837,3.62753172888509,0.000175069310793704,0.546897151183238,0.000156751189724703,3.63827314398834,79.4123655295261,86.61893145
0.437299972854239,2.38749288933304,3.77970039125453,0.000170151764936829,0.634605202726455,0.000153834455964456,3.67854483245246,89.9080498792787,86.94367205
0.473282215430812,2.33808450531701,3.95956176234147,0.000170466612617378,0.735284137830231,0.000152928890177944,3.65542151572644,105.831855503492,87.17510345
0.511521634584734,2.33365845645987,4.1023099586673,0.000171293029161236,0.81952177844762,0.000153583754013375,3.71021127532147,122.629723811807,87.32155046
0.503935001414563,2.34405072546032,4.15833369259929,0.000170308587308467,0.859637398671025,0.000152280514237428,3.71160401540219,124.499957974565,87.39090058
0.520795242993214,2.31921614471441,4.24464990272286,0.00017287153058521,0.914910523287146,0.00015392590787442,3.73488966661441,133.094293082966,87.39090058
0.53392651187597,2.29797762952695,4.36620369676819,0.000176885673401898,0.976742674059594,0.00015546433481922,3.71400193865351,141.899439801677,87.39090058
0.562553256385707,2.2967237771424,4.48139124039576,0.000180631461487154,1.05674515563189,0.000159534320052618,3.75664938941234,156.583138124584,87.39090058
0.570134263663477,2.27948142950518,4.57000132823948,0.000182376276730243,1.12250069607052,0.000160899093328215,3.76512201920006,164.556745896104,87.39090058
0.567160183994265,2.25634575818715,4.61704818176835,0.000185401215502907,1.14109061021716,0.000163802306807175,3.77039182646657,164.270921020916,87.39090058
0.927296887132598,2.48590982031157,4.23652836102823,0.000181542336043503,3.2986689662095,0.000135645808809434,3.86134961598892,498.276028873823,87.39090058
0.817048544886773,2.46626071962659,3.89573852666923,0.000168806257914999,3.10010337402602,0.000131926510556372,3.90386330890867,411.309057719349,87.39090058
0.809016797966098,2.41564419433635,3.85150186515201,0.000181584449608931,3.14712659291287,0.000140039488989433,3.8795887252747,406.768310678921,87.39090058
0.844455230695208,2.38076978882834,3.90596353676906,0.000179026434838171,3.23665169124024,0.000138650834892951,3.93592515538729,431.482554317705,87.39090058
0.887509685717143,2.37122099555293,3.9930179491395,0.000174411176970288,3.32012401348243,0.000135053789963092,3.87505652455343,467.106745679679,87.39090058
0.893115744577431,2.33508582984473,3.99556515108623,0.000174835608134636,3.38350440611103,0.000134787708000396,3.94471995495704,471.925990640582,87.39090058
0.918715992682466,2.31035961834294,4.05208818791273,0.00018411425938856,3.46633774637989,0.000142357928925759,3.9339916699887,494.528657657854,87.39090058
0.942290034566554,2.29319151348524,4.0746670059984,0.000193717436660607,3.52932577673494,0.000152139004555863,3.97215468477734,512.542242712137,87.39090058
0.984411559527744,2.27052847710225,4.14735945809008,0.000195867465320408,3.62503832442475,0.000152994666715348,4.01223063856368,549.132497865313,87.39090058
0.995065893063351,2.23923734256543,4.18152362992117,0.000185085638943931,3.6911614734112,0.000142431839709221,4.00821224294709,560.079903546576,87.39090058
1.02149774688095,2.23243775445754,4.2206219425347,0.000182758549855283,3.75059299076941,0.000139508533238374,4.05781979965239,581.410850389304,87.39090058
1.0667326674062,2.2117748691603,4.2965725699736,0.000193956825884992,3.83611658012172,0.00014913984431039,4.04857221131267,622.105725817509,87.39090058
1.08115225417454,2.19019709680902,4.35878516222396,0.00020668231445932,3.91047856872206,0.000160430295961171,4.06380652293075,634.153943247246,87.39090058
1.10682345798865,2.1800017939888,4.39046357930078,0.000195535763447918,3.97988238084811,0.00014993394533245,4.05945625296027,658.328514442178,87.39090058
1.15217415747423,2.17638453687627,4.46608333561615,0.000198433562343054,4.06366197781126,0.000151506012966253,4.13082901953438,699.431219517009,87.39090058
1.168082149431,2.16149114418958,4.47894429659791,0.000201920696303936,4.13387128373907,0.000153518855439556,4.12238328721431,713.686978624281,87.39090058
1.19408405282291,2.14028106149056,4.53131977404738,0.000208659608598244,4.20350816979296,0.000160044352325455,4.1193811787599,737.548201437591,87.39090058
1.21037269011846,2.13073219494445,4.56334508479219,0.000213898024878459,4.26426150229386,0.000164393956862113,4.17433177678372,755.618069953606,87.39090058
1.25181695155089,2.12395336206769,4.63148342028274,0.000210794409679906,4.3551544732146,0.000161259737736934,4.19727066419397,794.868405450399,87.39090058
1.27381771799368,2.10848224356301,4.65374728544892,0.00019841909966818,4.42179948150818,0.000149629035997747,4.19767826934503,817.650772611295,87.39090058
1.3005294377705,2.11616275971332,4.71352177166558,0.000198018061972703,4.50847952418542,0.000146333991540461,4.19983491245057,843.988552220183,87.39090058
1.35779273564156,2.10549970931245,4.77950058616644,0.000211114720122615,4.59434232121925,0.000158204012115624,4.23939273302136,899.127365931433,87.39090058
1.37164298954562,2.12238561899796,4.81891565391143,0.000221087682615281,4.65496647871392,0.000168566045236394,4.23065283694652,914.095455164105,87.39090058
1.38345722210633,2.09974677460244,4.81802458732173,0.000214836818567557,4.71062766792288,0.000162114845741809,4.21309290601353,923.303617985833,87.39090058
1.43322990906259,2.09413401860567,4.89886353908563,0.000207781969180502,4.80285740165275,0.000152912504209495,4.22765121357043,975.006385473196,87.39090058
1.43686699645258,2.08920484157663,4.90323172980374,0.000205771490369692,4.8573936376084,0.000151510831492466,4.2534604974922,982.406210424249,87.39090058
1.47454086398243,2.07896552237985,4.96517304604831,0.000219463931164709,4.94427841074943,0.00016242010472159,4.29709107348217,1019.1932766979,87.39090058
1.51948343207599,2.07237759205124,5.01563258950555,0.00022565546827409,5.03134279760712,0.000169204898867381,4.32970897816062,1067.82295289072,87.39090058
1.56509372442847,2.0728837477999,5.09973325454912,0.000222656739336755,5.1121993119308,0.000165475625011397,4.37715143656814,1115.18053287569,87.39090058
1.56672728173004,2.07717845911455,5.08644302839003,0.000212618038242592,5.15138699642387,0.000155969424171647,4.41079553103014,1119.09707297368,87.39090058
1.59874251556546,2.06824902789398,5.14112391451089,0.000215402578355895,5.20994414291969,0.000156917194786001,4.36305061261738,1152.64807635682,87.39090058
1.61225729259704,2.0487066968225,5.16587664627498,0.000222906479993797,5.27418913629584,0.000164443010122848,4.35417833761149,1168.14162603549,87.39090058
1.21939592952926,2.07412263912488,5.03761221976748,0.000217990227807759,3.0787468717178,0.000167613519792829,4.25040281331881,675.411035761744,87.39090058
1.29551461211883,2.07712228625138,5.13186582985171,0.000217239077466202,3.13765630530369,0.000166335078542624,4.37554872558059,734.417952135851,87.39090058
1.30995730271157,2.05950057859354,5.14188742586003,0.00022341363007574,3.19692762113331,0.000171153988137599,4.43844954744474,751.382236031794,87.39090058
1.31518557092468,2.07561080577018,5.13940428493839,0.000230072317326435,3.2564370290242,0.000178520852058255,4.42171015911585,760.915073534421,87.39090058
1.35482300622383,2.07636917568236,5.22068390796731,0.00023417237495609,3.34829142771107,0.000182341800139603,4.45371979177153,800.058268347412,87.39090058
1.39200421527525,2.09140344567619,5.25344134442588,0.000236055052315669,3.44007241181141,0.000184571523129262,4.45403338074897,837.603754274074,87.39090058
1.42943303802258,2.10006311857168,5.31172577606457,0.000231356666742699,3.53147717081404,0.000178361406108151,4.48102332687172,874.986205567579,87.39090058
1.46835090427029,2.08783819618656,5.35721639339777,0.000226683405779251,3.60342835244848,0.000172954720572262,4.49759163154275,911.50356167645,87.39090058
1.50767700937875,2.09271145483619,5.43168138256159,0.00022591531550344,3.69202131471924,0.000170345993744639,4.4941389045902,955.591092409252,87.39090058
1.53714953276346,2.10447799731814,5.46105241744207,0.000228702002189384,3.76793757982122,0.000172601090311984,4.52256652283995,986.339810858609,87.39090058
1.57905435543697,2.12330274640419,5.51980196263518,0.000221221772846872,3.85402765655707,0.000163597251763588,4.46763413087824,1031.19178217286,87.39090058
1.62442773730197,2.13630438021831,5.55909662472463,0.00021092069101705,3.94156963301121,0.000152849847175408,4.53443050744958,1076.73968070179,87.39090058
1.65624378895406,2.13901506076887,5.64738576046465,0.000212065179430363,4.02462263772437,0.000152753546616326,4.49976701191101,1113.80562189729,87.39090058
1.6712372280619,2.15353402832127,5.6586868207296,0.000205505896899128,4.08447583473579,0.000146744261496565,4.54778331215628,1133.36230772473,87.39090058
1.70654143018886,2.16337279715012,5.70841965983014,0.000199170008160064,4.16649596327516,0.000139694888790619,4.57799548804632,1173.27088157437,87.39090058
1.74317211271788,2.17592921016543,5.74243934002976,0.000202159611626569,4.23152455501727,0.000140796003685758,4.56070853346109,1214.39687160337,87.39090058
1.778330113219,2.18171715224466,5.8059774249283,0.00020770970263087,4.32465427134763,0.000146137130248862,4.58721184143577,1255.79941882598,87.39090058
1.77868126738713,2.21410521386811,5.8152613834219,0.000215714574426385,4.37154873791011,0.000153535180448314,4.62630708908841,1262.33675984439,87.39090058
1.81426136698963,2.2300370746148,5.86842473493401,0.000220516198919216,4.46087555464349,0.00015860918038169,4.62562043453185,1303.60232188647,87.39090058
1.8375415798382,2.22621690026236,5.90185273315124,0.000217245625361964,4.53529726069251,0.000156093810542245,4.61853047405117,1334.55952405925,87.39090058
1.87801199192957,2.23132882669687,5.95828556785571,0.000212895929114846,4.60654388866113,0.000149264571363484,4.68380183766744,1382.50522501181,87.39090058
1.90373471949153,2.24396447663449,5.99949793263159,0.000206580418397072,4.68024415917144,0.000142010925460767,4.65793343667955,1414.41414228674,87.39090058
1.93409506396394,2.24870567983771,6.0321088785238,0.000209054755410872,4.73007230755903,0.000145099534302661,4.66181858378961,1448.80858775366,87.39090058
1.97429126585306,2.25251123619677,6.06970146723003,0.000217880305752691,4.8148013883761,0.000153445912130285,4.64670558520182,1496.36793726558,87.39090058
2.00356751533451,2.25214247183146,6.11667764888211,0.000225837820543794,4.88028830138797,0.000161110416208944,4.6615030991006,1531.7506686464,87.39090058
2.03216255175403,2.25657577403628,6.13631429991203,0.000229315544492621,4.93565935874467,0.000162562925995316,4.62612889181423,1562.61128830137,87.39090058
2.05975427186305,2.27134742840607,6.19016491122479,0.000226321930074141,5.02333565416427,0.000158384994391698,4.61129586061535,1604.54085070983,87.39090058
2.09264404230088,2.25106811944256,6.216630302616,0.00021639185288488,5.09123788624557,0.000149333545802565,4.66802243328056,1644.79510502302,87.39090058
2.11731667479323,2.26533022015865,6.25754273422476,0.00021641331665345,5.15931725046258,0.000147873287577586,4.72469950421218,1681.36816346812,87.39090058
2.17360495362864,2.26362657560138,6.30571333907565,0.00022422508269416,5.24248532286952,0.000154735668457727,4.69556349606988,1746.85958830954,87.39090058
2.22409442142675,2.2535097553975,6.38911845475177,0.000235030193953538,5.33508101752691,0.000164818086167136,4.68578439836897,1811.94429949423,87.39090058
2.23675632615327,2.26024444109346,6.4187685434645,0.000241216969406879,5.39875199555075,0.00017021452578602,4.67026170194487,1831.31876719948,87.39090058
1.91900770245582,2.43109256542017,6.17272765360615,0.000251222210544305,3.61208753798573,0.000166981303022672,4.45366007309445,1277.89551827656,87.39090058
2.05845722772154,2.41224116170968,6.33962185295015,0.000260370177059284,3.67980404134267,0.000179803170395067,4.61889575927969,1414.85520342435,87.39090058
2.10817278084727,2.41527201198304,6.39312065712726,0.000272100963179012,3.74855320816627,0.000189741958986507,4.58496480955908,1466.65362381853,87.39090058
2.14173578764477,2.41501397064221,6.42023125202258,0.00027474901097099,3.82275629566494,0.000193331733159518,4.62738105236427,1511.90699875098,87.39090058
2.19524744833388,2.4096864010316,6.49247625578063,0.000275773649224331,3.91958210356058,0.00019253191853657,4.6295153259505,1576.3675442583,87.7061647
2.2525217825026,2.40721883784579,6.53343656274486,0.00027380428454293,4.01027878956288,0.000189732991016925,4.67319618976796,1643.81994577098,88.0993478
2.29493899665469,2.39683636327375,6.583671210603,0.00027001920240482,4.08873951083985,0.000186744260976497,4.62222782881687,1700.84939667596,88.49130564
2.35069457657898,2.3870799977106,6.63848387714005,0.000275193221109613,4.17784813805799,0.000189982979653942,4.6966222636984,1766.59075736851,88.88155409
2.39134858237665,2.38788622495653,6.70840934391287,0.00027824689356121,4.26757983365522,0.000192410723955105,4.62007634771626,1821.58106068623,89.26963001
2.41429563237878,2.37934277915606,6.7326435819808,0.000275848307482199,4.32443285151715,0.000194962828435498,4.70272823992514,1861.82962507273,89.65509154
2.4628207652463,2.37391061233372,6.78381402830231,0.000285202618191759,4.41459581835555,0.000200413848113934,4.69511332082668,1925.37321922635,90.03751838
2.51862701990745,2.37501419395377,6.83787881838473,0.000283680881337416,4.50074632168723,0.000197839965836102,4.64130594008137,1991.34765622999,90.41651198
2.55900502426072,2.36753182200221,6.87762227500444,0.000270688925017415,4.57039014246647,0.000187407168279707,4.72689590296584,2044.68945088224,90.79169571
2.58444391686791,2.35430879357884,6.89262473138841,0.000264922456748987,4.63682379079254,0.00018346066160402,4.77475000273753,2082.08795061676,91.16271501
2.61616199741711,2.35269445406392,6.95248085619948,0.0002652625072982,4.70501177729706,0.000181534983035407,4.72916316340608,2121.97356624816,91.52923739
2.66856574436056,2.3431898676813,6.99952500113866,0.000274840473878399,4.78092767934412,0.000187580869505805,4.67180794290474,2187.67805862579,91.89095253
2.74443219671544,2.34052657787329,7.0915749894189,0.000278957297240728,4.8752502741989,0.000193386704561483,4.61328452686652,2288.8290619527,92.24757218
2.77406283199217,2.33000893461789,7.12642259166476,0.000276887485493065,4.95600492826235,0.000192990008654061,4.71246759324761,2338.84922712931,92.59883018
2.8296456318742,2.32830753262239,7.18342198631607,0.000285018237562208,5.03648181160179,0.00019676894365716,4.64916932535768,2410.25312912958,92.94448231
2.85710663004479,2.32448825687205,7.19633864699564,0.000272438235979404,5.09084689735516,0.000185035110399182,4.71303453163329,2456.61038035147,93.2843062
2.93341681379329,2.3095985112953,7.28207442112355,0.000277999047311328,5.18347334073616,0.000186342661466487,4.68263964493873,2553.78376352563,93.61810111
2.97295743482011,2.31080849391418,7.32346516806857,0.000276468637462838,5.26451407895874,0.000185371361717435,4.68855807298999,2612.68734876482,93.94568777
2.99577610437061,2.2915143264269,7.34274826708905,0.000276519154093686,5.3257652434723,0.000187283688745066,4.79186133500665,2650.88691874142,94.26690815
3.06257663112412,2.28841742150573,7.4240211380485,0.000289411879200756,5.42687559880513,0.000198307050326949,4.77303017399575,2748.58468757794,94.58162515
3.13359289879366,2.27878442066288,7.48180213682217,0.000285102338941709,5.48928379584107,0.000197521021887175,4.69565760091318,2843.77249752643,94.88972237
3.14005931803507,2.26953803543725,7.49814492687616,0.000285455167312672,5.56283167166912,0.000193126637942418,4.73365142900844,2861.63647986223,95.19110376
3.20984649802136,2.26498191022668,7.58024175599094,0.000274932484922976,5.65008484558837,0.000184784142281694,4.74128573104702,2968.24071039114,95.48569329
3.19891286497712,2.25723873779305,7.58082996342373,0.000274178073890535,5.69505307436878,0.000181900664932745,4.68341757101797,2965.87858933412,95.77343457
3.22208411114759,2.24943634005713,7.59537984496122,0.000296040895344296,5.75109797411164,0.00019561176190346,4.68340839156908,2997.33013898211,96.05429047
3.25384118858077,2.23879749435465,7.65523434817262,0.00029869882117729,5.84614676078789,0.000199949060776498,4.6419577377589,3059.54562170569,96.32824273
3.27472574338261,2.22986976107887,7.71290653371173,0.000292759325810978,5.91711305421301,0.000199068288060929,4.69580880643909,3102.37518416063,96.59529149
3.33619157083891,2.21985303135373,7.75605887174632,0.000298496163409184,6.00691230714586,0.000201972792582741,4.66510610906839,3187.78826724413,96.85545491
2.32306452681882,2.00538757804759,6.54135010655555,0.000223897973854132,3.49370954183386,0.000162173806327896,4.63874644079425,1550.58559090817,97.10876863
2.53192672584834,1.99920311365945,6.77142441643367,0.000241698792520884,3.59957496880663,0.000179550752739091,4.69352739215621,1750.29037677201,97.35528535
2.64319681299206,1.9995729887535,6.88519711056881,0.000245241517019692,3.71793893765823,0.000184361795035236,4.63578597117079,1874.95096786489,97.59507432
2.70040214836545,2.00737308920232,6.92025771693492,0.000237025932635645,3.80702350374804,0.000176807649625191,4.61062395758132,1951.47755029289,97.82822082
2.81418889770351,2.00250554102405,7.03377975480238,0.000235687953346876,3.92394892475569,0.000174317434715677,4.64449746367389,2081.98818727679,98.05482567
2.84133481047074,2.00208737775925,7.06822965943174,0.000230626819557531,3.99696348551116,0.000171049624387288,4.62758612061033,2128.71013034126,98.27500469
2.88526539577317,1.99620252781476,7.13344288518735,0.000229700096379399,4.09181098524703,0.000169235584584761,4.60572830727202,2190.55042533485,98.48888816
3.02093070365607,1.98511481534252,7.24632648544274,0.000235881007099889,4.21204961722555,0.00017634293504447,4.62362639746691,2352.67829919181,98.69662026
3.12152729478066,1.97855786526734,7.34112631545436,0.000235582269084892,4.31428427003084,0.000176535282100724,4.59838202803147,2479.10287663132,98.89835857
3.18209527282176,1.97759661737031,7.41312161805286,0.000241496355101041,4.41192874575409,0.000182682488093174,4.596158525854,2562.25365961341,99.09427345
3.28576960161423,1.96952879456037,7.53200877731818,0.000239546313844869,4.53699475362991,0.000180905881576727,4.60981080633989,2710.50175358012,99.2845475
3.39626985073165,1.96316206622485,7.61361255355084,0.000239455491211059,4.63587998688828,0.000180767803105832,4.64312223294737,2841.53112199286,99.469375
3.53155466042732,1.95108341010547,7.74509941778887,0.000235025622665235,4.75309926745264,0.0001748404983873,4.56413779693536,3014.98265420002,99.64896132
3.6277389098531,1.94645616115505,7.79025017748897,0.000234477042761184,4.84589528152477,0.000175492990097026,4.59492299080835,3141.25115492803,99.82352237
3.71045397569574,1.93906631968072,7.88920603330888,0.000237046655402792,4.94386682818639,0.000178278683674815,4.59383423741362,3268.61159279744,99.99328397
3.74207330806414,1.93689168562167,7.90960160751508,0.000238822581945951,5.0217662731319,0.000181339450841533,4.50000204585978,3317.08976088795,100.1584813
3.8769208915886,1.93765673561105,8.05360251373635,0.000245177406690857,5.13789236273916,0.000183796685254898,4.44841000189208,3498.68960148125,100.3193584
3.96244949927902,1.93299603866119,8.13775550242504,0.000268423966300075,5.24618831432019,0.000203754866224922,4.46934305875732,3633.77616869289,100.4761675
4.13958691468762,1.93861839109322,8.28335840139858,0.00026252656586628,5.37738738037351,0.000199877995283232,4.4420603912593,3880.28994752989,100.6291683
4.22339671783889,1.93612024243018,8.36318612676762,0.000263112186336199,5.45920932773644,0.000196937789625123,4.46880158892094,4012.96819258549,100.7786279
4.28340019205975,1.93793349361803,8.411117003643,0.000256282933060114,5.54097364298726,0.000193112827959929,4.49507719977492,4111.74447052266,100.9248194
4.39643626504685,1.93155390656879,8.51422744496157,0.000262097467550806,5.647885141228,0.000196434997039723,4.47723002972353,4292.36213962956,101.0680222
4.39998818872093,1.93368357813492,8.52102390579753,0.000258189753292175,5.70889772416807,0.000195074524525073,4.4935764759341,4311.12065104942,101.208521
4.40794398273871,1.92069768450739,8.52540277075903,0.00026857790494922,5.75978525479055,0.000201126364004715,4.44371845242155,4343.01480835219,101.3466052
4.42533757160994,1.91902449799511,8.58746986284532,0.000279807687853645,5.81756934891365,0.000211716728044101,4.38141073267021,4378.80028597767,101.4825683
4.57662963051934,1.92175250196836,8.70530445738197,0.000282638437460207,5.93151689711636,0.000211731905758209,4.30125038930546,4599.39632847,101.6167078
4.69832619316195,1.91833324003982,8.81675443075999,0.000283759078165253,6.04324710760351,0.000210257276186316,4.27879001481742,4796.07652574293,101.7493242
4.84632495707776,1.9214015153826,8.97562689212829,0.00028103233268805,6.1915064956268,0.000209393503067057,4.27040070015751,5016.33495806529,101.8807204
4.8721081827387,1.91729312557722,8.98821916398834,0.000287116565359511,6.23433963543989,0.000216830190110262,4.26537549651837,5095.41097004813,102.0112017
5.05395361282239,1.92470550370223,9.13382302870849,0.000286768263606618,6.38627714380651,0.000217094860781738,4.20048759961362,5400.40775614709,102.1410748
5.18420008156688,1.92379352818107,9.25384543248768,0.000311693370449454,6.48775903055019,0.000240200175171055,4.2256594570353,5614.58032358441,102.2706475
5.16540372379953,1.91838013027348,9.23269500077419,0.000306565366266847,6.52223377687911,0.000240043746186148,4.28883987813392,5612.89373838792,102.400228
4.2150298959342,2.10308657864046,8.89112086663669,0.000331625625864402,4.74241823529411,0.000224480943511453,3.97165948157905,3753.27647579975,102.5301247
4.39760057843845,2.09144413988147,8.9298965707184,0.000344807775223415,4.80482924608614,0.000243414698885134,4.10593326492093,3973.77997894831,102.6606455
4.46335042050675,2.08765736512192,8.95959012714352,0.000336581689238105,4.86512594174069,0.00024075134786706,4.14738705144538,4095.64498058314,102.7920973
4.49540558034997,2.08810341123974,9.01509249891861,0.000329904026680638,4.96012751155325,0.000237590689735247,4.153877079672,4185.90359869382,102.9247859
4.75329021610909,2.07861188106267,9.20900840385839,0.000322239229866237,5.11046354081353,0.000233816837928843,4.16713806938857,4556.72930997855,103.0590149
4.79323739258932,2.07963021937465,9.27411185911438,0.000308810754406096,5.21071925296776,0.000220724171582553,4.18104255641615,4651.04407756596,103.1950858
4.87594926687874,2.07042380745546,9.34954273537354,0.000316926383327496,5.27956683164938,0.00022659747307838,4.11717739235155,4766.82751733114,103.3332975
5.03271776345183,2.07273854567865,9.45221204313607,0.000321545368245202,5.41544953727514,0.000235090463726292,4.14041457761486,5014.41529209924,103.4739456
5.20215967506131,2.07351164321031,9.62475128083792,0.000326621875346948,5.55961279563924,0.000242397000336708,4.16705237710987,5296.7538532766,103.6173222
5.20115962019789,2.05906032539565,9.629370027811,0.000331392090925238,5.59568795659475,0.000235516884163193,4.1214724596934,5295.29084008369,103.7637155
5.27436832072223,2.06030679201673,9.71277919271335,0.0003264137294243,5.69177123995668,0.00023208125988408,4.04040488217515,5420.33630152548,103.9134094
5.54298403899223,2.05276422485267,9.89695616802562,0.000333205238713095,5.84170359241906,0.000235728566446784,4.08221481724523,5832.27667769179,104.0666829
5.63043903040963,2.044808169136,9.99917314791629,0.000327495863622922,5.93012435532698,0.000225970778159643,4.0805312875076,5981.57133163924,104.2238103
5.70550016503714,2.03960800360309,10.066084637573,0.000337634212815525,6.0200247729713,0.000230215630038769,3.99277130151948,6103.31980589155,104.3850601
5.77218146777721,2.03034399557933,10.1262027984438,0.000332652976861654,6.08278595317725,0.00022257739430756,3.98750630789735,6214.54534934126,104.5506955
5.99237003430182,2.02810561746446,10.2700379456463,0.000354564718969188,6.23853186260009,0.00023728956656305,3.91976232727433,6584.78267909276,104.7209733
6.31702416243349,2.02393288838564,10.5134462050647,0.0003607749284129,6.43103097711395,0.000243533608099261,3.94532013646713,7129.10641665625,104.896144
6.4990479985113,2.02078890397828,10.6500751402993,0.000377195025146909,6.53998932223988,0.000251942280288933,3.88737633407314,7426.46336221877,105.0764515
6.64078626070219,2.01968486954506,10.7744870238042,0.000376230841017706,6.65703097719719,0.000253650966819905,3.89643909289227,7689.48793986074,105.2621329
6.75246160541224,2.01506906690793,10.8284041604484,0.000377758675517783,6.73962041822882,0.000252572318367127,3.86265700574941,7880.07535458495,105.4534178
6.97781824646246,2.01518388632544,10.9899395098495,0.000387160619108771,6.89415893008386,0.000260553910639966,3.83557011798355,8306.59320351166,105.6505285
7.08755887764068,2.01342255225081,11.0376872693012,0.000390806625097286,6.97654353634059,0.000267787547209312,3.83827308020868,8517.79586931096,105.8536796
7.29399600707895,2.01364059864822,11.182806021848,0.00041087788620847,7.09647376422392,0.000282964201001366,3.81034626994868,8913.42396588853,106.0630776
7.41505163972356,2.01194249996025,11.2486584752049,0.000418515358171669,7.18410012241684,0.00029264230735275,3.79995138256586,9133.36387130668,106.2789212
7.69330250681072,2.0164249347051,11.4278671425388,0.000422148847670913,7.3286887724231,0.000292301103695522,3.69102659286705,9631.96754238918,106.5014004
7.79412285489749,2.01033696725207,11.4996521796518,0.000415458834939967,7.41855645520996,0.000286087888618843,3.76063261619801,9876.72074603198,106.7306968
7.92734449371207,1.99951251480275,11.5940821572947,0.000389131593069418,7.53319245301916,0.000262680589536746,3.67726963598,10113.6201425844,106.9669833
8.14620035765015,2.00179233000717,11.7426977947467,0.000393263029288092,7.64838467244301,0.000267518413637439,3.70395137404905,10541.2020013407,107.210424
8.36360840500209,1.99736173843519,11.9079627162146,0.0003913544134846,7.78019909714354,0.000272465356523639,3.6829099700776,10977.0710979697,107.4611738
8.56528941751218,1.98636446960502,12.0357840128857,0.000415761589702289,7.91135010942909,0.000287900457918709,3.65370243385963,11390.8511502431,107.7193786
8.84809252553963,1.98961428696579,12.2098458601506,0.000405659427929897,8.03526372677358,0.000280913905767068,3.63170036024883,11932.1845325919,107.985175
9.06575072897802,1.98827027803762,12.3618826152642,0.000401527760698228,8.17267643659327,0.000279016001019313,3.62671499564453,12402.8873766526,108.2586902
8.01545898721389,2.02291835353391,11.938681527009,0.000470093819458497,6.57744011720501,0.000341807636981181,3.4402907129954,9498.36992374916,108.5400419
8.68497299863179,2.02265614621852,12.3401635670482,0.000469194024348076,6.80049414499666,0.000331386293832909,3.53395917263506,10692.2678105641,108.8293382
8.93204975051901,2.02503505279636,12.4942110880603,0.000468387753453075,6.93590942839986,0.000328923599479538,3.53692198027648,11239.0491225337,109.1266779
9.00979744783703,2.02180719404947,12.5670967256217,0.000473274825863857,7.02729885182967,0.00032178093418491,3.50244655900825,11426.9684806385,109.4321497
9.3132011515955,2.02363979094347,12.7494008193627,0.000490118089456951,7.18324614531183,0.000334437957140327,3.45843679886029,12013.5028673136,109.7458328
9.48494920526169,2.02301178535497,12.8272500682042,0.00048114550461969,7.27930852369862,0.000320736972463718,3.44541560561039,12366.834787061,110.0677966
9.71947132353782,2.02304769668438,12.9851004789694,0.000475675995942629,7.40778461839367,0.000314346609778616,3.40546679531918,12826.7980765678,110.3981009
10.0241971976575,2.01921634664204,13.1195911871592,0.00050205538399261,7.51832170325799,0.000326506294522446,3.39356574754507,13424.7212357285,110.7367954
10.2655883788751,2.01771054138149,13.3148930883712,0.000515522344976316,7.68953794320918,0.000342469590379866,3.41247388983936,13993.4800928362,111.0839203
10.4403906992572,2.01660423340728,13.3843875805725,0.000523477569063785,7.78578348109702,0.000353081656712141,3.36156896379513,14375.0844156774,111.4395061
10.5859362899892,2.0146947861925,13.4796097679687,0.000523589394425971,7.89707195655043,0.000358156689607489,3.3792096592469,14743.0210918647,111.8035733
10.5289314601894,2.01520991842063,13.4771379854551,0.000524622720322371,7.94411750981254,0.000351558783832335,3.30789793047365,14639.7100159922,112.176133
10.8951648727156,2.01173318013307,13.6740296287872,0.000533191053953231,8.10051491675006,0.0003592023303612,3.3068627671938,15403.3912948699,112.5571865
11.0307983651071,2.00991124540048,13.7604329675128,0.000545636128002324,8.19862848215543,0.000364678173383483,3.28238367248352,15723.8793415248,112.9467257
11.1671784731751,2.00463439230437,13.8428755589725,0.000567816880854144,8.28815298217204,0.000381165275517118,3.31161778251895,16062.3762808798,113.344733
11.0291535654766,2.00380937684717,13.7766423196024,0.000575926413237718,8.29480765015892,0.000387691104007422,3.28810659311557,15852.3041061833,113.7511812
10.9921804961353,2.00257166413996,13.8304048956333,0.000561611493541368,8.35795775718465,0.000376626612473028,3.28255730545054,15817.6882940423,114.1660341
11.1152827366518,2.00266043366943,13.8610925021728,0.000554816390103614,8.42593070072855,0.000368080833648072,3.29861186862137,16096.3084487363,114.5892461
11.1842531876641,2.0025589432331,13.9293833331816,0.000555529800686221,8.52196020550253,0.000369376709047388,3.27362772084251,16341.9925628646,115.0207626
11.2625001087604,2.00082291796513,13.9160136016372,0.000555919171987266,8.55115537971805,0.000372757695043201,3.22612215394197,16443.6137877357,115.4605201
11.443774936451,1.99749803895078,14.0505495175562,0.000546152506888809,8.65815401369582,0.000368765717481656,3.20979999061731,16875.4958183797,115.9084463
11.4800930031583,1.99424847956208,14.1093041137011,0.000536874958862992,8.72278793860149,0.00036460134812962,3.17202833212594,16986.9228508995,116.36446
11.7387747055027,1.99447163783675,14.2707261919921,0.000546044471084758,8.88399285077582,0.000368273231340157,3.1814691403378,17648.7453544031,116.828472
11.8338833072832,1.99450521628249,14.3696306298521,0.000540321586159535,8.9883507870309,0.000368108983659042,3.14228150618921,17934.0806612642,117.3003841
12.179601271033,1.99410058891389,14.5573891296341,0.000559432640290284,9.14329675471427,0.000385967161818663,3.1782791991938,18792.454232386,117.7800905
12.5224670549707,1.984838243592,14.7630386749614,0.000558848844044745,9.3075815431716,0.000389152416216697,3.13853283453265,19469.9105563995,118.2674771
12.5366772847676,1.98972747717325,14.7246130543127,0.000582215921004764,9.32512168503765,0.000401384128469568,3.12226129090539,19624.3535621105,118.7624221
12.8108088771476,1.9876458118691,14.86823856386,0.000575147590986605,9.45853348643668,0.000403970667273016,3.10353738710219,20326.6836167442,119.2647961
13.1415909480653,1.98776118915817,15.0327977235713,0.00058228591462028,9.59781923682317,0.000403153751922041,3.09230559656399,21112.7133925531,119.7744621
13.4949765330226,1.9879639805618,15.240038146532,0.000694551860194543,9.77595967639304,0.000489492236342155,3.08721537839593,22095.7889514623,120.2912763
13.563929681573,1.98742548254506,15.3781170892261,0.000641622714382486,9.87216954207185,0.00045649287745091,3.0266680384124,22289.0932823282,120.8150876
13.8589599006014,1.98628548401143,15.5124280126619,0.000681453433634118,10.0106128110901,0.00049274700998763,3.01236009910663,23022.8963444842,121.3457382
9.81918967951222,1.98059838427316,21.548179990942,0.000622916508152176,7.87424890851447,0.000466042790579706,2.73013838922431,13240.5409595589,121.8830639
10.8811423870244,1.97601497759469,25.7536351402939,0.000623441828320564,8.23501606540686,0.000467798465537768,2.78170829005767,15339.3622150195,122.4268941
11.5866102752056,1.97149444271248,29.4535699664909,0.000639468149912931,8.48058671189092,0.00048399480869869,2.78018796487044,16783.6334017438,122.9770523
11.8592886948611,1.97023950500482,32.877248064975,0.000645597768506019,8.59303753243977,0.000484749179313067,2.76400579394762,17360.4662683253,123.5333561
12.4152850226838,1.96727758016047,36.3790576760505,0.000655251303415113,8.78850192707999,0.00049946367126923,2.75688421351999,18555.4828161463,124.0956175
13.0027919258738,1.96058202859165,39.8812514181692,0.000684316091369629,9.05694918495502,0.000524702580929875,2.74218523649409,19793.731310917,124.6636433
13.199698348892,1.96530703720861,43.040504114534,0.000676905921019132,9.10945413544777,0.000520638336182439,2.76376810375723,20384.4752973444,125.2372354
13.3814285333587,1.96288777487254,46.1931544648175,0.000681130877051013,9.22855298177343,0.000526271136106351,2.74485656074892,20884.2211312934,125.8161908
13.7160485786331,1.964704865029,49.3882818615862,0.000697752544925439,9.41794664423431,0.000535047007911969,2.72720956731477,21761.4687699879,126.4003021
13.8667013314327,1.96719058636811,52.3779638729438,0.000702522311240798,9.53574179767212,0.000545741638602185,2.7402850202784,22241.3584953721,126.9893575
14.1525504255977,1.96755259874102,55.367382732943,0.00071682007882966,9.66955450338231,0.000565193268384501,2.74106506109962,22954.5644793942,127.5831416
14.3552554023416,1.96880538608836,58.2114956571144,0.000725821253096391,9.76312187350865,0.000568782507556312,2.73177992943683,23535.7678758795,128.1814351
14.5227748697112,1.9689632061631,61.0311376082163,0.000733029370810526,9.86612709218567,0.000576569344906732,2.71817992785139,24020.1332609182,128.7840154
14.7795991714866,1.9691306492802,63.7647312528708,0.000762302352481057,10.0046202913315,0.000603077069949573,2.72583790369352,24752.1731855443,129.3906569
15.1429515895927,1.96987911922494,66.3991776702819,0.000760394388656034,10.1281463915838,0.000608933355186,2.72547425128084,25608.2566980777,130.0011312
15.2721628883476,1.97165688937963,68.9001119354471,0.000739985496988312,10.1934522559382,0.000601801316058656,2.72855874390281,25948.6300401418,130.6152074
15.7815330487495,1.97401541751922,71.5208594722084,0.000716536044790033,10.3964216515412,0.0005759699573277,2.69340238029082,27260.3825564451,131.2326523
16.2257264920236,1.97192135707054,73.9950989901926,0.000691035229274421,10.5626722489343,0.000571190256678282,2.72119516116563,28588.1470205115,131.8532309
16.2533765209757,1.97180099078178,76.3388382043416,0.000678230981247877,10.6223017888396,0.000561083663961822,2.6903656503375,28596.4460618543,132.4767066
16.6137033570323,1.97638501570798,78.6868443947472,0.000715404005381856,10.78077258533,0.00059444813276425,2.70448214031831,29607.4882563107,133.1028415
16.935669872192,1.96365730354915,81.0827137731557,0.000717792836429971,10.9722253290838,0.000607858721985288,2.68887723069558,30437.0179800882,133.7313964
16.4337694242505,1.96838347132171,82.9254480146934,0.000712004783921161,10.8845667921406,0.000602246276879163,2.65550400820651,29320.0308154634,134.3621319
16.860456149987,1.97357613695097,85.1358090900415,0.000702401812280973,11.0713552652512,0.000597533051604793,2.65150351753462,30439.1407716911,134.9948077
17.1796132893571,1.97465944996816,87.2728698998601,0.000675650657997574,11.2540158933537,0.000588356934282038,2.67613098026382,31561.8425256946,135.6291837
16.8348779754948,1.9724575211273,89.1818497556757,0.000641087819541361,11.2846809563854,0.000568300916202649,2.66509614594335,30816.6405804388,136.2650196
17.3740468546723,1.97183389154279,91.2377620112853,0.000648897394914049,11.4961959452393,0.000574796214859582,2.63511313808371,32286.3657064678,136.902076
17.3828627024694,1.97057197407831,93.1276714979797,0.00063586989405653,11.5809665125919,0.000566080218340817,2.62905828801881,32507.9694696983,137.540114
15.9062112848974,1.9716094439477,94.3192685027378,0.000687907824209797,11.2690296770968,0.000600350309814351,2.65841929939797,28740.4527026071,138.1788957
15.6288154441076,1.97317205931322,95.8953337649533,0.000738966056673993,11.2774589347618,0.000653253456731234,2.65338091296958,28215.3628479513,138.8181847
15.6212926456067,1.97420356414463,97.6294356405047,0.000782654161133921,11.3744503051537,0.000696723348284275,2.65070372898669,28315.4972121741,139.4577462
15.4720906489092,1.98185225643965,99.2008896879672,0.000734951441822209,11.3830337843031,0.000661923096005464,2.65207621984769,28106.6418784186,140.0973471
15.764983073347,1.96576605089944,100.980165283835,0.000710024822326121,11.5433587848325,0.000640622771176732,2.62578913864762,28719.0478511208,140.7367569
12.4204914921684,2.00142186437462,16.5176092150629,0.000672570099225376,9.53518148032064,0.000625464914073347,2.67434574883707,19374.659176152,141.375747
13.2234844957,1.98852237865641,17.0721845268665,0.000613589660460029,9.76227886726084,0.000574894682070417,2.66872518309835,21200.2999161924,142.0140922
13.9631476303247,1.9869187553332,17.3087001163044,0.000622557309188055,9.90127628207461,0.000574038938267784,2.66918162434221,22805.1462483488,142.6515699
14.577040956334,1.98741744395499,17.537335658552,0.00062538975555667,10.0670514789754,0.000579452293422885,2.67376560563339,24182.1485992544,143.2879608
15.3512530636214,1.98646083003712,17.862018290965,0.000630013138865921,10.2827517200324,0.000568759849491491,2.66457279994245,26045.5809141175,143.9230495
15.8034477963514,1.98887284811409,17.9956477103262,0.000626443224911799,10.3574133142981,0.000563122472993124,2.67684720568819,27029.3722739643,144.556624
16.7536544592972,1.98437492434607,18.3611441260433,0.000622610573849491,10.6079041856829,0.000557248596287071,2.64910197165861,29348.9366650739,145.1884767
17.1372278880961,1.98210034056338,18.4827303754266,0.000623327022445619,10.6704508300651,0.00055867172289053,2.64548312096089,30130.7393986013,145.8184043
17.4169663463473,1.98145839210422,18.5929915004636,0.000609634527480327,10.7601634774467,0.000550898753522534,2.64196293017846,30862.3304063752,146.4462078
18.0229560658824,1.97349056372915,18.9068395501362,0.000622347038522559,10.9366744690423,0.000576580015437432,2.60726540318873,32285.6815617186,147.0716935
18.2670052234946,1.9790042605987,18.9711581139514,0.000653111221816467,10.9820424592577,0.000603628507567078,2.61962519164805,33069.3462274506,147.6946724
18.5109716609249,1.97862536478487,19.1215762202593,0.000645531475476811,11.0854359119834,0.000602691240729477,2.61964018306539,33798.844849224,148.3149609
18.9265235844845,1.97543782713041,19.3576561973258,0.000654463333530215,11.2265829543441,0.000610771919873873,2.62081599727292,34957.8295155913,148.9323811
19.314789650728,1.97297465798345,19.4717407065899,0.000667185456676179,11.3020529669871,0.000640049663783862,2.60948758887484,35879.0128442275,149.5467607
19.6091206314965,1.97059644434317,19.6606685896911,0.000639832405553585,11.4196890337598,0.000621623444623254,2.59849414445923,36716.1318215333,150.1579333
19.5710481358492,1.96971127066336,19.6822898063413,0.000665759042793923,11.4362583129618,0.000663172153781834,2.60218457262356,36664.7568931891,150.765739
19.7750382493149,1.96863353520277,19.864177612266,0.000670766485199358,11.554451494606,0.000678893159167124,2.59844603971254,37541.348890502,151.3700239
19.7648774295231,1.97169093192378,19.9218024898828,0.000680915773830348,11.6136893505503,0.000684866561990446,2.5948371612494,37635.0922519294,151.970641
20.013510888416,1.97293128992864,20.079018592394,0.000675028324776234,11.723000190831,0.000676652354218724,2.60100448210926,38438.6534518641,152.5674499
20.0200980608693,1.97349129269257,20.0726633801921,0.000684419262678677,11.7522139086027,0.000691990869628432,2.6053510540666,38533.9677366108,153.1603172
20.120977951432,1.97384425851804,20.1352725413283,0.000701823839605108,11.7993817969428,0.000728511025558277,2.59536353020446,38820.6021294682,153.7491167
19.8773078267919,1.97379552702145,20.0443799738303,0.000707876096446202,11.7693197926416,0.000740836863545083,2.59294339603527,38234.0600692909,154.3337295
20.1905688730374,1.97376434100594,20.1466305235121,0.000712430831128937,11.8604665021317,0.000713845289390675,2.58471587118901,39076.921854038,154.914044
20.2719753084468,1.97447951606203,20.2045667470929,0.000731599102768585,11.9012147839165,0.000732764850665904,2.58959028073776,39321.7146528098,155.4899564
20.8112161046503,1.96606257197555,20.5833111454239,0.000712112949373012,12.117812843908,0.000710798502058773,2.55611588975823,40742.920976351,156.0613707
20.4148961551018,1.97565990308189,20.3854756800457,0.000738725339534635,12.0066918866871,0.000728556478069114,2.5815204754838,39720.3147411587,156.6281987
20.5356168258311,1.97312117984085,20.4438811582091,0.000749616436790488,12.0476442241736,0.000720865533745503,2.56663019653489,39973.021177469,157.1903603
20.2863222836379,1.97145901066203,20.4391431452163,0.000731040270503498,12.0409082122971,0.000713947762578234,2.5605653885658,39388.4692500204,157.7477835
20.4194875698658,1.96893269903047,20.5568406851275,0.000724805152177375,12.1164002453374,0.000713329372526751,2.55846640692011,39865.7768012147,158.3004046
20.0967394386407,1.96752777115334,20.4783096679207,0.000768253621062591,12.074592385081,0.000782782475144045,2.55211261751721,39044.7376161566,158.8481684
20.161263561385,1.96977958911835,20.5530762706474,0.000800303385092048,12.1373154812741,0.000813846085842525,2.54154653577877,39217.6127773282,159.3910281
20.0411742334742,1.96851964347734,20.5661602280989,0.000831653192929854,12.145879825518,0.000847488707106501,2.53177548591636,38928.9535749836,159.9289454
17.4491746578371,1.97104458437167,17.6540608387584,0.00104846447223092,9.96567897576692,0.000953449481314362,2.55264023856343,28905.47261613,160.4618907
17.6855833406259,1.99425806587623,17.5740212214928,0.00102643551371677,9.9153940060073,0.00092168182009122,2.61828274860204,29851.3334423936,160.9898432
17.9925224323093,1.9915401634192,17.6834674638933,0.00101736762906703,10.0141006624757,0.000920974224885584,2.6138391496965,30644.4350888351,161.5127908
18.4468923726925,1.96361668314469,18.0754297598051,0.00101569285242832,10.262314753532,0.000913080397476226,2.56790779896876,31572.8733666473,162.0307303
18.9405563686798,1.96518062621777,18.3042118175583,0.000969396157022361,10.4394432220289,0.000887131326250191,2.58355124221806,33021.2221283294,162.5436673
19.1964217684495,1.96754019459898,18.3625828245643,0.000935619818976595,10.5130670984962,0.000850322986704678,2.57194136515704,33728.4343717399,163.0516165
19.6693241235135,1.97002667672986,18.5646302034406,0.000925074672602441,10.6572415059063,0.00084914276766549,2.57663357523461,34916.6802059243,163.5546014
20.2243215312739,1.96762091772961,18.665581726903,0.000940297344449247,10.8047992821608,0.000862747448081597,2.54266484606152,36374.9127483896,164.0526545
20.2630056182586,1.96724095483158,18.7121032002109,0.000917822660237775,10.8773259334327,0.000829527361393878,2.54143434646028,36668.3234883309,164.5458173
20.162749642753,1.97143110946012,18.6801608823062,0.00087019459049091,10.8840818700166,0.000810600655777924,2.5409989468415,36478.4617305701,165.0341403
20.3890656950683,1.97094158765022,18.7817435968554,0.000889047096225647,10.9771621781377,0.000815746378636936,2.55040711211324,37085.1634016095,165.5176828
20.4464667858161,1.97502089969189,18.7572845789345,0.000899227609498828,10.9989132633146,0.000825613654469364,2.56189404852734,37223.323349558,165.9965134
21.1306952632539,1.96486657745253,19.1658881694666,0.000850108476948386,11.2618380254238,0.000796096777812636,2.50647320450079,39069.9158842406,166.4707092
21.1627388565663,1.97235154564871,19.045168490989,0.000874356348414503,11.2381840754164,0.000818516479201814,2.55103312029347,39106.9547851386,166.9403565
21.5658270912401,1.97383255353626,19.1823811110001,0.000877657177692749,11.3633749170658,0.000845516893944211,2.56591215339985,40229.5891160594,167.4055503
21.4138607168357,2.02747028840518,18.659742589472,0.000811993124165093,11.1540814787004,0.000803225929382796,2.62267486245911,40483.1074134046,167.8663945
19.4343149485486,2.20313699150765,16.7943878969498,0.000752215354195423,10.1690254722606,0.000787410616919786,7.15252881112454,36676.6949464879,168.3230015
23.1051707245698,1.97613587225818,19.6474702224717,0.000825098611588802,11.7882128867006,0.000836514009467264,2.55472350887755,44460.9699158993,168.7754925
23.0108585128122,1.99220781238391,19.4990353462618,0.000784276200690568,11.7494641930694,0.000827251405173796,2.58167253796536,44440.4918876639,169.2239972
21.8223294351802,2.0420500296368,18.7056320943651,0.000753224731580936,11.339903437477,0.000811447284319617,2.62530443770387,41849.8646289359,169.6686538
19.9332321889075,2.20400084046497,16.9727626850621,0.00068243705109339,10.445723712659,0.000767753223228045,6.99288440372945,38257.2577130524,170.109609
22.3808374493603,1.97442527182511,19.4664623715509,0.000770374970607747,11.8090333854246,0.000854477130189075,2.56923783135385,42699.0067599581,170.5470173
22.846455129836,1.97032421787466,19.6233575473459,0.0007796419225425,11.9452950009339,0.000905064384490278,2.55767301864395,44050.9940053271,170.9810419
23.2924839198332,1.95947460793702,19.879312730584,0.000789458477042521,12.125163908264,0.000910750393342286,2.52284753620637,45216.3227969531,171.4118535
20.2360531096031,1.96285216610969,18.6251636984864,0.000722479038473827,11.2977879560612,0.000806794024378009,2.52807469364067,36714.3646406247,171.839631
18.041940238651,1.94781026712962,17.5532166464233,0.000838804280782835,10.6859034575027,0.00086967999095899,2.56255024832177,30971.8716710123,172.2645609
15.6322262861074,2.17662478648051,15.1216025379022,0.000807664477765651,9.44642739967997,0.000827436133738898,7.05377352442619,26702.34175372,172.6868372
